State,Boat Collision,Shot,Fishery Interaction,Year of Observation,Sex,Age Class,Length,Weight
AL,C,C,C,2018,MALE,ADULT,225,
AL,N,N,N,2017,MALE,SUBADULT,230,161
AL,N,N,N,2017,MALE,SUBADULT,225,122
AL,C,C,Y,2018,UNKNOWN,ADULT,258,
AL,C,C,C,2018,UNKNOWN,UNKNOWN,0,
AL,N,N,N,2017,UNKNOWN,,180,
AL,C,C,C,2018,MALE,ADULT,290,
AL,C,C,C,2019,MALE,ADULT,249,153
AL,N,N,N,2017,MALE,ADULT,263,221
AL,N,N,N,2017,MALE,ADULT,279,229
AL,C,C,C,2018,MALE,SUBADULT,198,
AL,C,N,C,2019,MALE,SUBADULT,198,78
AL,C,C,C,2018,MALE,PUP/CALF,111.8,17.2
AL,C,N,C,2017,FEMALE,ADULT,236,
AL,N,N,Y,2017,FEMALE,YEARLING,145,
AL,C,C,C,2018,FEMALE,PUP/CALF,104,10
AL,C,C,C,2019,FEMALE,PUP/CALF,90,12
AL,N,N,N,2017,UNKNOWN,PUP/CALF,100,
AL,N,N,N,2017,UNKNOWN,PUP/CALF,95,6.8
AL,N,N,N,2017,UNKNOWN,PUP/CALF,100,15
AL,C,C,C,2018,UNKNOWN,UNKNOWN,0,
AL,N,N,N,2017,MALE,SUBADULT,177,
AL,C,C,C,2019,MALE,SUBADULT,183,
AL,C,C,C,2018,MALE,SUBADULT,146,
AL,C,C,C,2018,UNKNOWN,PUP/CALF,106.5,
AL,C,C,C,2018,MALE,ADULT,241,
AL,C,C,C,2019,UNKNOWN,SUBADULT,183,
AL,C,C,Y,2018,UNKNOWN,PUP/CALF,0,
AL,N,N,Y,2017,MALE,SUBADULT,190,80.9
AL,N,N,Y,2017,MALE,SUBADULT,176,67
AL,N,N,N,2017,MALE,YEARLING,172,44.9
AL,C,C,C,2018,MALE,PUP/CALF,102.5,13.6
AL,N,N,N,2017,FEMALE,ADULT,229,167.38
AL,C,C,C,2018,FEMALE,ADULT,223,120.6
AL,N,N,Y,2017,FEMALE,YEARLING,163.5,56.7
AL,N,N,Y,2017,FEMALE,YEARLING,146,40
AL,C,C,C,2018,UNKNOWN,SUBADULT,221,
AL,C,C,C,2018,MALE,ADULT,290,199
AL,C,C,C,2018,MALE,ADULT,207,94.8
AL,C,C,Y,2018,MALE,ADULT,198,98.4
AL,N,N,N,2017,MALE,ADULT,224,
AL,N,N,N,2017,MALE,ADULT,260,
AL,C,C,Y,2018,MALE,SUBADULT,189,68
AL,C,C,C,2018,MALE,SUBADULT,197.5,67.6
AL,N,N,N,2017,MALE,SUBADULT,171,59
AL,N,N,N,2017,MALE,YEARLING,163,
AL,N,N,N,2017,MALE,PUP/CALF,100,
AL,C,C,Y,2018,FEMALE,ADULT,248,
AL,C,C,C,2018,FEMALE,ADULT,245,172.8
AL,C,N,N,2017,FEMALE,ADULT,242,146
AL,N,N,N,2018,FEMALE,SUBADULT,225,146.5
AL,C,C,C,2018,FEMALE,SUBADULT,210,92.5
AL,Y,N,N,2017,FEMALE,YEARLING,137.2,29.8
AL,C,C,C,2018,FEMALE,YEARLING,168,57.2
AL,N,N,C,2018,FEMALE,PUP/CALF,125,18.1
AL,,,,2017,FEMALE,PUP/CALF,108,11.34
AL,N,N,Y,2017,FEMALE,PUP/CALF,101,11.8
AL,,,,2017,FEMALE,PUP/CALF,107,
AL,N,N,N,2017,FEMALE,PUP/CALF,91,9.1
AL,N,N,N,2017,UNKNOWN,YEARLING,165,25
AL,Y,N,N,2017,FEMALE,SUBADULT,176,20
AL,C,C,C,2018,UNKNOWN,PUP/CALF,97,
DE,N,N,C,2019,MALE,PUP/CALF,193.8,136.08
DE,,,,2018,UNKNOWN,SUBADULT,183,226.8
DE,,,,2019,UNKNOWN,YEARLING,137.2,
DE,,,,2018,MALE,SUBADULT,198.2,
DE,,,,2019,MALE,PUP/CALF,121.9,22.7
DE,,,,2018,MALE,,237,700
DE,,,,2018,UNKNOWN,ADULT,259.08,
DE,,,,2018,UNKNOWN,SUBADULT,213.3,340.2
DE,N,N,N,2017,FEMALE,SUBADULT,234.7,600
DE,,,,2018,FEMALE,PUP/CALF,95.5,11.33
DE,,,,2018,MALE,ADULT,292,362.88
DE,N,N,N,2017,MALE,ADULT,259.08,340.19
DE,,,,2017,MALE,SUBADULT,213.4,200
DE,N,N,Y,2018,MALE,PUP/CALF,13.2,
DE,,,,2019,MALE,PUP/CALF,44,25
DE,C,C,C,2019,MALE,PUP/CALF,127,22.68
DE,,,C,2019,MALE,SUBADULT,92,249.48
DE,,,,2019,MALE,SUBADULT,244,176
DE,,,,2019,FEMALE,PUP/CALF,106.7,18.1
DE,,,Y,2019,FEMALE,,213.4,450
DE,,,,2018,FEMALE,ADULT,243.84,192.78
DE,,,,2019,FEMALE,ADULT,104,340.2
DE,,,,2018,FEMALE,PUP/CALF,114.3,13.61
DE,,,,2018,UNKNOWN,ADULT,248.8,
DE,,,,2018,UNKNOWN,PUP/CALF,114.3,15.88
DE,,,,2019,UNKNOWN,PUP/CALF,137.2,34
DE,,,,2018,UNKNOWN,ADULT,228.6,
DE,,,,2019,UNKNOWN,PUP/CALF,47,35
DE,,,,2018,UNKNOWN,UNKNOWN,213.3,272.16
DE,,,,2018,MALE,ADULT,287,362.9
DE,,,C,2019,MALE,ADULT,294.6,362.9
DE,,,,2017,MALE,SUBADULT,176.5,200
DE,,,,2019,MALE,PUP/CALF,122,20.4
DE,,,,2018,MALE,ADULT,243.8,362.9
DE,,,,2019,MALE,SUBADULT,183,83
DE,,,,2019,MALE,SUBADULT,197,102
DE,C,C,C,2019,FEMALE,PUP/CALF,104.14,15.87
DE,N,N,N,2017,UNKNOWN,ADULT,304.8,800
DE,,,,2019,UNKNOWN,ADULT,274.3,
DE,,,,2019,UNKNOWN,ADULT,208.3,
DE,,,,2019,UNKNOWN,ADULT,243.84,700
DE,Y,,,2019,UNKNOWN,SUBADULT,228.6,340.19
DE,,,,2018,UNKNOWN,PUP/CALF,96.5,18.14
DE,,,,2019,UNKNOWN,PUP/CALF,81.28,18.14
DE,N,N,N,2017,UNKNOWN,,261.6,700
DE,,,,2019,UNKNOWN,ADULT,289.6,340.2
DE,,,,2018,UNKNOWN,SUBADULT,213.3,272.16
DE,,,,2018,UNKNOWN,SUBADULT,198.12,
DE,,,,2018,UNKNOWN,PUP/CALF,127,22.68
DE,,,,2019,UNKNOWN,PUP/CALF,119.38,24.95
DE,N,N,N,2017,UNKNOWN,PUP/CALF,114.3,15.88
DE,,,,2018,UNKNOWN,ADULT,304.8,
FL,,,,2017,UNKNOWN,,260,
FL,C,C,Y,2017,MALE,,266,
FL,C,C,C,2017,MALE,,273,
FL,N,N,N,2017,MALE,,189,
FL,C,C,C,2019,MALE,,258,
FL,C,C,C,2019,MALE,,252,
FL,C,C,C,2018,MALE,,171,
FL,C,C,C,2018,FEMALE,,253,186
FL,C,C,C,2018,FEMALE,,209,111
FL,N,N,N,2017,MALE,PUP/CALF,120,
FL,N,N,N,2017,UNKNOWN,UNKNOWN,165,
FL,N,N,Y,2019,MALE,,236,156
FL,C,C,C,2019,UNKNOWN,PUP/CALF,100,
FL,,,Y,2018,FEMALE,ADULT,253.2,340
FL,,,,2019,MALE,SUBADULT,232,210
FL,N,N,Y,2017,MALE,PUP/CALF,178,
FL,N,N,Y,2018,MALE,UNKNOWN,204,
FL,N,N,Y,2017,MALE,,168,
FL,,,,2018,UNKNOWN,ADULT,250,
FL,C,C,Y,2018,UNKNOWN,SUBADULT,,
FL,,,,2019,UNKNOWN,PUP/CALF,120,
FL,N,N,C,2018,UNKNOWN,PUP/CALF,140,
FL,N,N,N,2017,MALE,ADULT,249,
FL,,,,2018,MALE,PUP/CALF,96.5,
FL,,,,2018,MALE,UNKNOWN,216,
FL,,,,2018,MALE,UNKNOWN,218,
FL,N,N,N,2018,MALE,,269,
FL,,,,2019,FEMALE,PUP/CALF,161,
FL,,,,2017,FEMALE,,157.5,
FL,,,,2018,UNKNOWN,UNKNOWN,230,
FL,,,,2019,MALE,ADULT,274,
FL,,,Y,2019,MALE,PUP/CALF,145,
FL,N,N,N,2017,MALE,PUP/CALF,94,
FL,N,N,Y,2017,MALE,,245,
FL,,,,2018,FEMALE,ADULT,234,
FL,,,,2019,FEMALE,ADULT,223,
FL,N,N,N,2017,FEMALE,ADULT,243,
FL,N,N,N,2017,FEMALE,ADULT,260,
FL,,,,2018,FEMALE,ADULT,248,
FL,N,N,N,2017,FEMALE,ADULT,244,
FL,,,,2018,FEMALE,SUBADULT,183,
FL,,,C,2018,FEMALE,SUBADULT,198,
FL,,,,2019,FEMALE,PUP/CALF,117,
FL,N,N,N,2017,FEMALE,PUP/CALF,158,
FL,C,,,2019,FEMALE,,170,
FL,N,N,C,2018,FEMALE,,224,
FL,,,,2018,UNKNOWN,ADULT,270,
FL,N,N,N,2017,UNKNOWN,ADULT,200,
FL,,,,2018,UNKNOWN,PUP/CALF,97.5,
FL,,,,2019,UNKNOWN,PUP/CALF,91,
FL,,,,2018,UNKNOWN,PUP/CALF,100,
FL,,,,2018,UNKNOWN,PUP/CALF,100,
FL,,,,2018,UNKNOWN,UNKNOWN,231,
FL,,,,2019,UNKNOWN,UNKNOWN,220,
FL,,,,2019,MALE,ADULT,249,
FL,N,N,N,2017,MALE,PUP/CALF,104,
FL,,,,2019,MALE,UNKNOWN,211,
FL,,,,2018,FEMALE,SUBADULT,210,
FL,N,N,N,2017,MALE,ADULT,269,
FL,C,C,C,2019,MALE,,175,
FL,C,C,C,2019,MALE,PUP/CALF,112,
FL,N,N,N,2017,MALE,UNKNOWN,168,
FL,C,C,C,2019,MALE,,249,
FL,N,N,Y,2017,MALE,,219,
FL,C,C,C,2019,MALE,,237.4,
FL,N,N,N,2017,FEMALE,ADULT,265,
FL,N,N,N,2017,FEMALE,ADULT,240,
FL,C,C,C,2018,UNKNOWN,ADULT,258,
FL,C,C,C,2019,UNKNOWN,UNKNOWN,200,
FL,N,N,N,2017,MALE,UNKNOWN,225,
FL,C,C,C,2018,UNKNOWN,,200,
FL,,,,2019,MALE,ADULT,254,190
FL,,,,2019,MALE,ADULT,262,450
FL,,,,2018,UNKNOWN,PUP/CALF,121,
FL,,,,2017,MALE,PUP/CALF,130,
FL,,,,2018,UNKNOWN,ADULT,245,
FL,C,C,C,2018,UNKNOWN,ADULT,251,
FL,C,C,Y,2019,UNKNOWN,SUBADULT,150,
FL,C,C,Y,2017,UNKNOWN,UNKNOWN,122,
FL,C,C,C,2018,MALE,,194,
FL,C,C,Y,2018,MALE,,222,
FL,C,C,Y,2019,MALE,,122,
FL,C,C,C,2019,MALE,,253,
FL,C,C,C,2018,MALE,,178,
FL,C,C,C,2019,MALE,,250,
FL,C,N,C,2019,FEMALE,ADULT,241,140
FL,C,N,C,2019,FEMALE,ADULT,199,95
FL,C,C,C,2019,FEMALE,,215,
FL,C,C,C,2018,UNKNOWN,UNKNOWN,90,
FL,C,C,C,2018,UNKNOWN,,250,
FL,C,C,C,2017,MALE,ADULT,0,
FL,N,N,N,2017,MALE,SUBADULT,232.6,204
FL,N,N,N,2017,MALE,,149,
FL,,,,2018,MALE,ADULT,261,360
FL,N,N,Y,2018,MALE,ADULT,275,394
FL,,,,2018,MALE,ADULT,260,158
FL,,,,2019,MALE,SUBADULT,184,
FL,,,,2019,UNKNOWN,,213,
FL,C,C,C,2017,FEMALE,ADULT,182.88,136
FL,N,N,C,2018,FEMALE,SUBADULT,229,
FL,N,N,Y,2017,UNKNOWN,,0,
FL,C,N,C,2018,FEMALE,SUBADULT,222.25,145
FL,N,N,C,2019,FEMALE,YEARLING,140,44
FL,C,C,C,2019,UNKNOWN,UNKNOWN,0,
FL,N,N,C,2019,MALE,ADULT,249,
FL,C,C,C,2017,FEMALE,ADULT,257,175
FL,C,C,C,2018,FEMALE,PUP/CALF,128,
FL,C,C,C,2018,UNKNOWN,UNKNOWN,0,
FL,C,C,C,2018,UNKNOWN,,0,
FL,N,N,Y,2017,FEMALE,ADULT,213,
FL,N,N,Y,2017,UNKNOWN,PUP/CALF,152,
FL,N,N,N,2017,UNKNOWN,PUP/CALF,140,
FL,N,N,Y,2017,UNKNOWN,UNKNOWN,0,
FL,N,N,Y,2017,UNKNOWN,,213,
FL,N,N,N,2019,MALE,PUP/CALF,99,
FL,,,,2018,FEMALE,ADULT,239,385
FL,,,,2018,FEMALE,SUBADULT,214,
FL,C,N,C,2017,FEMALE,SUBADULT,200,
FL,,,,2018,FEMALE,PUP/CALF,121,
FL,,,,2018,UNKNOWN,ADULT,260,
FL,N,N,Y,2017,MALE,ADULT,266,
FL,,,,2018,MALE,ADULT,257,
FL,Y,N,C,2019,MALE,ADULT,271,
FL,Y,N,Y,2018,MALE,ADULT,265,
FL,,,,2019,MALE,ADULT,237,
FL,,,,2018,MALE,ADULT,262,
FL,,,,2018,MALE,ADULT,264,
FL,C,N,C,2019,MALE,ADULT,230,
FL,,,,2019,MALE,SUBADULT,195,
FL,,,,2019,MALE,YEARLING,156,
FL,,,,2019,MALE,PUP/CALF,123,
FL,,,,2018,FEMALE,ADULT,243,
FL,N,N,N,2017,FEMALE,ADULT,217,
FL,,,,2018,FEMALE,ADULT,249,
FL,,,,2019,FEMALE,ADULT,247,
FL,,,,2019,FEMALE,ADULT,247,
FL,N,N,N,2017,FEMALE,ADULT,267,
FL,,,,2019,FEMALE,SUBADULT,192,175
FL,,,,2019,FEMALE,YEARLING,170,
FL,,,,2019,FEMALE,PUP/CALF,141,
FL,,,,2018,FEMALE,PUP/CALF,124,
FL,N,N,N,2017,FEMALE,PUP/CALF,104,
FL,N,N,N,2017,MALE,ADULT,234,
FL,,,,2019,UNKNOWN,,208,
FL,,,,2018,UNKNOWN,UNKNOWN,43,
FL,,,,2019,UNKNOWN,UNKNOWN,,
FL,,,,2019,MALE,ADULT,276,
FL,,,,2018,MALE,PUP/CALF,110,37.2
FL,N,N,N,2017,MALE,UNKNOWN,192,136
FL,N,N,N,2017,UNKNOWN,,122,
FL,C,C,Y,2019,UNKNOWN,,138,
FL,N,N,N,2017,MALE,ADULT,265,
FL,N,N,Y,2017,MALE,PUP/CALF,177,
FL,N,N,Y,2018,MALE,UNKNOWN,196,
FL,N,N,N,2017,MALE,,265,
FL,Y,,,2019,FEMALE,ADULT,240,
FL,N,N,N,2017,FEMALE,ADULT,247,
FL,N,N,Y,2017,FEMALE,PUP/CALF,200,
FL,,,Y,2019,UNKNOWN,SUBADULT,220,
FL,C,C,C,2017,UNKNOWN,UNKNOWN,230,
FL,Y,N,N,2018,MALE,ADULT,242,
FL,,,,2018,MALE,PUP/CALF,120,
FL,,,Y,2019,FEMALE,ADULT,251,
FL,N,N,Y,2017,FEMALE,ADULT,244,
FL,,,,2019,FEMALE,ADULT,243,
FL,N,N,Y,2017,FEMALE,PUP/CALF,122,
FL,,,,2018,UNKNOWN,PUP/CALF,92,
FL,,,,2019,UNKNOWN,UNKNOWN,210,
FL,,,,2019,MALE,ADULT,262,
FL,,,,2019,MALE,ADULT,279,
FL,Y,N,C,2018,MALE,ADULT,261,
FL,,,Y,2019,MALE,SUBADULT,191,
FL,,,,2018,MALE,SUBADULT,208,
FL,,,,2019,MALE,SUBADULT,183,
FL,,,,2018,MALE,PUP/CALF,125,
FL,,,,2019,MALE,PUP/CALF,104,
FL,,,,2019,MALE,UNKNOWN,222,
FL,,,,2018,MALE,UNKNOWN,235,
FL,N,N,N,2017,MALE,UNKNOWN,190,
FL,,,,2018,MALE,,250,
FL,,,Y,2019,MALE,,263,
FL,,,,2018,MALE,,270,
FL,,,,2018,FEMALE,ADULT,250,
FL,,,,2018,FEMALE,ADULT,257,
FL,C,,,2018,FEMALE,ADULT,245,
FL,N,,,2017,FEMALE,ADULT,253,
FL,N,N,Y,2018,FEMALE,ADULT,252,
FL,,,,2018,FEMALE,PUP/CALF,120,
FL,,,,2017,FEMALE,UNKNOWN,208,
FL,,,,2018,FEMALE,,229,
FL,N,N,N,2017,UNKNOWN,ADULT,260,
FL,N,N,N,2017,UNKNOWN,SUBADULT,200,
FL,,,,2017,UNKNOWN,SUBADULT,200,
FL,,,,2019,UNKNOWN,SUBADULT,200,
FL,C,C,C,2018,UNKNOWN,PUP/CALF,114,
FL,,,,2018,UNKNOWN,PUP/CALF,103,
FL,N,N,N,2017,UNKNOWN,PUP/CALF,121,
FL,N,N,N,2017,UNKNOWN,PUP/CALF,106,
FL,,,,2018,UNKNOWN,PUP/CALF,110,
FL,,,,2019,UNKNOWN,PUP/CALF,120,
FL,N,N,N,2017,UNKNOWN,UNKNOWN,200,
FL,N,N,N,2017,UNKNOWN,UNKNOWN,175,
FL,N,N,N,2017,UNKNOWN,UNKNOWN,243,
FL,,,,2018,UNKNOWN,,180,
FL,,,,2019,UNKNOWN,,91,
FL,,,,2019,MALE,ADULT,280,
FL,,,,2018,MALE,UNKNOWN,245,
FL,,,,2017,MALE,UNKNOWN,170,
FL,N,N,N,2017,FEMALE,ADULT,252,
FL,,,,2018,FEMALE,PUP/CALF,113,
FL,,,,2019,FEMALE,UNKNOWN,179,
FL,C,C,Y,2019,FEMALE,UNKNOWN,231,
FL,,,,2018,FEMALE,,107,
FL,N,N,N,2017,UNKNOWN,ADULT,235,
FL,,,,2019,UNKNOWN,ADULT,240,
FL,N,N,N,2017,UNKNOWN,ADULT,248,
FL,,,,2019,UNKNOWN,PUP/CALF,100,
FL,,,,2018,UNKNOWN,UNKNOWN,,
FL,,,,2019,UNKNOWN,UNKNOWN,152,
FL,,,,2018,UNKNOWN,UNKNOWN,240,
FL,,,,2019,UNKNOWN,UNKNOWN,245,
FL,,,,2019,UNKNOWN,,,
FL,N,N,N,2017,UNKNOWN,UNKNOWN,220,
FL,,,,2019,UNKNOWN,UNKNOWN,210,
FL,,,,2019,MALE,SUBADULT,209,
FL,N,N,Y,2017,UNKNOWN,UNKNOWN,241,
FL,N,N,N,2017,MALE,ADULT,260,515
FL,N,N,Y,2017,FEMALE,ADULT,236,250
FL,N,N,N,2017,MALE,ADULT,270,
FL,N,N,N,2017,FEMALE,ADULT,238,325
FL,,,,2017,FEMALE,YEARLING,183,51.2
FL,C,N,Y,2017,MALE,ADULT,244,
FL,,,,2019,UNKNOWN,YEARLING,170,
FL,N,N,N,2017,FEMALE,ADULT,245,
FL,,,,2017,FEMALE,PUP/CALF,115,17.69
FL,N,N,Y,2018,MALE,ADULT,278,242
FL,C,C,Y,2019,MALE,,170,44
FL,C,C,Y,2019,FEMALE,,134,29
FL,N,N,Y,2017,MALE,SUBADULT,232,0
FL,C,C,C,2017,MALE,,253,163
FL,C,C,C,2018,MALE,,249,194
FL,N,N,N,2017,MALE,PUP/CALF,104,
FL,N,N,N,2017,MALE,,268,
FL,C,C,Y,2019,MALE,,275,
FL,C,C,C,2017,MALE,,236,130
FL,C,C,C,2019,MALE,,224,
FL,Y,C,C,2019,MALE,,252,
FL,C,C,C,2018,MALE,,242,159
FL,C,C,C,2017,MALE,,175,43
FL,N,N,N,2017,MALE,,143,40
FL,C,C,C,2018,FEMALE,,94,
FL,N,N,N,2017,FEMALE,,230,
FL,C,C,C,2019,FEMALE,,224,
FL,Y,C,C,2019,FEMALE,,248,
FL,C,C,C,2018,FEMALE,,235,123
FL,N,N,N,2017,FEMALE,,89,
FL,C,C,C,2018,FEMALE,,145,43
FL,N,N,Y,2017,FEMALE,,248,
FL,N,N,N,2017,FEMALE,,229,
FL,C,C,C,2018,FEMALE,,104,12
FL,C,C,C,2017,UNKNOWN,UNKNOWN,0,
FL,C,C,C,2018,UNKNOWN,,256,
FL,N,N,N,2017,UNKNOWN,,260,
FL,N,N,N,2018,FEMALE,ADULT,254,350
FL,,,,2019,FEMALE,SUBADULT,175,0
FL,,,,2018,FEMALE,PUP/CALF,120,17.5
FL,N,N,Y,2018,FEMALE,ADULT,233,286
FL,,,,2018,FEMALE,PUP/CALF,80,5.9
FL,,,,2018,UNKNOWN,PUP/CALF,97,11.4
FL,N,N,N,2017,UNKNOWN,UNKNOWN,152,
FL,N,N,Y,2017,UNKNOWN,PUP/CALF,180,
FL,C,N,C,2017,FEMALE,ADULT,281,425
FL,N,N,N,2017,FEMALE,PUP/CALF,107.2,27.3
FL,N,N,N,2017,MALE,ADULT,253.5,263
FL,C,C,C,2018,MALE,PUP/CALF,122,0
FL,C,C,C,2019,FEMALE,UNKNOWN,247,0
FL,C,C,C,2018,UNKNOWN,UNKNOWN,205,0
FL,,,,2018,UNKNOWN,,120,
FL,Y,N,Y,2017,MALE,SUBADULT,201,165
FL,C,C,C,2019,UNKNOWN,ADULT,303,
FL,C,C,C,2019,MALE,,119,
FL,N,N,N,2017,UNKNOWN,ADULT,250,
FL,N,N,N,2017,FEMALE,SUBADULT,218.3,121.5
FL,N,N,N,2017,MALE,PUP/CALF,164.5,
FL,C,C,C,2018,FEMALE,PUP/CALF,91.1,
FL,C,C,C,2019,MALE,,264,
FL,N,N,Y,2017,MALE,,182,63.5
FL,N,N,N,2017,FEMALE,ADULT,230,
FL,N,N,N,2017,UNKNOWN,UNKNOWN,163,
FL,C,C,C,2018,FEMALE,ADULT,250,
FL,Y,N,Y,2017,FEMALE,ADULT,245,
FL,C,C,C,2019,FEMALE,,233.3,
FL,,,,2018,UNKNOWN,PUP/CALF,105,11.5
FL,N,N,N,2017,MALE,ADULT,140,400
FL,N,N,N,2017,FEMALE,SUBADULT,145,200
FL,N,N,N,2017,UNKNOWN,ADULT,183,
FL,,,,2018,UNKNOWN,PUP/CALF,94,7.8
FL,N,N,N,2017,UNKNOWN,UNKNOWN,91,11
FL,N,N,Y,2017,FEMALE,PUP/CALF,115,40
FL,C,C,Y,2018,UNKNOWN,UNKNOWN,0,0
FL,N,N,N,2017,MALE,ADULT,226,125
FL,N,N,N,2017,FEMALE,UNKNOWN,181.7,70
FL,C,C,C,2018,MALE,ADULT,230.5,0
FL,C,C,C,2018,MALE,ADULT,221.5,0
FL,C,C,C,2018,MALE,PUP/CALF,100,0
FL,C,C,C,2018,MALE,PUP/CALF,100,11.3
FL,C,N,C,2018,MALE,UNKNOWN,200.9,0
FL,C,C,C,2018,FEMALE,ADULT,243.2,0
FL,N,N,Y,2018,FEMALE,YEARLING,191.6,0
FL,,,,2017,FEMALE,PUP/CALF,131.2,30
FL,C,C,C,2018,FEMALE,UNKNOWN,204.5,0
FL,C,C,C,2018,MALE,UNKNOWN,218,0
FL,C,C,C,2018,MALE,UNKNOWN,238,0
FL,C,C,C,2018,UNKNOWN,UNKNOWN,236,0
FL,N,N,N,2017,MALE,YEARLING,185.1,0
FL,C,C,C,2018,MALE,PUP/CALF,95,13.5
FL,C,C,C,2018,MALE,UNKNOWN,184.5,0
FL,C,C,C,2018,MALE,UNKNOWN,189.8,0
FL,C,C,C,2019,FEMALE,ADULT,245,0
FL,C,C,C,2018,FEMALE,UNKNOWN,199.5,0
FL,C,C,C,2018,MALE,UNKNOWN,205,0
FL,C,C,C,2018,MALE,UNKNOWN,197,0
FL,C,C,C,2018,UNKNOWN,ADULT,232,0
FL,N,N,N,2018,MALE,ADULT,223,136
FL,,,,2018,FEMALE,SUBADULT,232,120
FL,,,,2018,MALE,PUP/CALF,111,15.8
FL,N,N,C,2019,UNKNOWN,ADULT,258,
FL,N,N,Y,2017,UNKNOWN,,215,
FL,N,N,N,2017,MALE,ADULT,256,
FL,C,C,C,2017,MALE,ADULT,262,
FL,Y,N,Y,2017,MALE,ADULT,271,
FL,N,N,N,2017,MALE,SUBADULT,191,
FL,N,N,N,2017,FEMALE,ADULT,247,
FL,N,N,N,2017,FEMALE,SUBADULT,197,
FL,C,C,C,2019,UNKNOWN,UNKNOWN,281,
FL,N,N,N,2017,FEMALE,YEARLING,173,55.1
FL,,,,2017,FEMALE,YEARLING,172,125
FL,,,,2018,MALE,SUBADULT,170,130
FL,,,,2018,MALE,,,11
FL,N,N,N,2017,MALE,SUBADULT,142,150
FL,N,N,N,2017,FEMALE,PUP/CALF,106,13.6
FL,C,N,Y,2018,MALE,SUBADULT,224,
FL,Y,N,N,2018,FEMALE,ADULT,246.3,
FL,N,N,N,2019,MALE,SUBADULT,210,
FL,N,N,N,2017,UNKNOWN,UNKNOWN,0,
FL,N,N,N,2017,UNKNOWN,,0,
FL,N,N,N,2017,MALE,UNKNOWN,220,
FL,N,N,N,2017,MALE,ADULT,260.5,
FL,N,N,N,2017,MALE,SUBADULT,235.2,177.5
FL,N,N,N,2017,FEMALE,PUP/CALF,110.5,17
FL,N,N,N,2017,FEMALE,PUP/CALF,137,42.5
FL,N,N,N,2017,MALE,ADULT,230,185
FL,N,N,N,2017,FEMALE,ADULT,213,0
FL,N,N,N,2017,UNKNOWN,UNKNOWN,235,
FL,N,N,N,2017,FEMALE,ADULT,255,0
FL,N,N,Y,2017,FEMALE,ADULT,261,
FL,C,C,C,2017,MALE,,252,
FL,N,N,N,2017,MALE,ADULT,248,410
FL,N,N,N,2017,MALE,ADULT,259,475
FL,N,N,N,2017,UNKNOWN,PUP/CALF,122,
FL,N,N,N,2017,MALE,ADULT,254,
FL,,,,2019,MALE,ADULT,262,
FL,N,N,N,2017,MALE,,268,
FL,,,,2018,FEMALE,ADULT,242,
FL,,,,2018,FEMALE,ADULT,198,
FL,,,,2019,FEMALE,,162,
FL,,,,2019,UNKNOWN,UNKNOWN,278,
FL,,,,2018,MALE,ADULT,203,
FL,,,,2018,UNKNOWN,ADULT,234,
FL,,,,2019,UNKNOWN,UNKNOWN,41,
GA,N,N,N,2017,MALE,ADULT,278,250
GA,N,N,N,2017,FEMALE,ADULT,249,
GA,,,,2018,MALE,ADULT,265,
GA,N,N,Y,2018,MALE,ADULT,249,
GA,N,N,Y,2017,MALE,ADULT,240,
GA,,,,2018,MALE,SUBADULT,195,
GA,,,,2019,MALE,PUP/CALF,99,
GA,N,N,N,2017,MALE,PUP/CALF,91,
GA,,,,2018,FEMALE,ADULT,242,
GA,,,,2018,FEMALE,PUP/CALF,110,
GA,,,,2019,UNKNOWN,,213,
GA,,,,2018,MALE,ADULT,242,
GA,C,C,C,2019,MALE,ADULT,253,
GA,,,,2018,MALE,ADULT,251,
GA,,,,2018,MALE,SUBADULT,197,
GA,,,,2019,UNKNOWN,ADULT,248,184
GA,,,,2019,UNKNOWN,ADULT,220,
GA,N,N,N,2017,UNKNOWN,YEARLING,137,
GA,C,C,Y,2018,UNKNOWN,YEARLING,122,
GA,N,N,N,2017,UNKNOWN,PUP/CALF,61,
GA,N,N,N,2018,MALE,ADULT,239,
GA,N,N,N,2017,MALE,PUP/CALF,107,
GA,,,,2019,MALE,,246,
GA,C,C,C,2018,FEMALE,ADULT,242,
GA,N,N,N,2017,FEMALE,ADULT,237,
GA,C,C,C,2018,UNKNOWN,PUP/CALF,95,
GA,,,,2018,MALE,SUBADULT,179,
GA,,,,2019,MALE,YEARLING,126,
GA,,,,2018,MALE,UNKNOWN,107,
GA,,,,2019,FEMALE,ADULT,242,173
GA,,,,2018,FEMALE,ADULT,254,
GA,N,N,Y,2017,FEMALE,SUBADULT,202,
GA,,,,2019,UNKNOWN,ADULT,240,
GA,,,,2019,UNKNOWN,YEARLING,135,
GA,,,,2018,FEMALE,PUP/CALF,100,
GA,,,,2019,UNKNOWN,ADULT,239,
GA,,,,2018,UNKNOWN,ADULT,230,
GA,,,,2019,UNKNOWN,SUBADULT,166,
GA,,,,2019,UNKNOWN,SUBADULT,180,
GA,,,,2019,UNKNOWN,SUBADULT,165,
GA,,,,2018,UNKNOWN,PUP/CALF,95,
GA,N,N,N,2017,MALE,ADULT,268,
GA,,,,2018,MALE,SUBADULT,230,
GA,N,N,Y,2019,MALE,YEARLING,122,
GA,N,N,N,2017,FEMALE,ADULT,240,0
GA,,,,2019,FEMALE,PUP/CALF,90,
GA,Y,N,C,2019,FEMALE,ADULT,231,106
GA,N,N,N,2017,UNKNOWN,ADULT,234,0
GA,,,,2018,UNKNOWN,ADULT,245,
GA,,,,2018,UNKNOWN,SUBADULT,167,
GA,,,,2018,UNKNOWN,UNKNOWN,,
GA,,,,2018,FEMALE,ADULT,220,
GA,N,N,N,2017,UNKNOWN,ADULT,240,0
GA,,,,2018,UNKNOWN,SUBADULT,177,
GA,,,,2018,UNKNOWN,SUBADULT,227,
GA,,,,2019,UNKNOWN,SUBADULT,165,
GA,N,N,N,2017,FEMALE,ADULT,242,
GA,,,,2018,MALE,SUBADULT,172,
GA,C,N,C,2018,MALE,YEARLING,137,
GA,N,N,C,2018,FEMALE,SUBADULT,185,
GA,,,,2017,MALE,ADULT,280,
GA,,,,2017,FEMALE,ADULT,241,
GA,,,,2017,FEMALE,ADULT,256,
GA,N,N,N,2017,FEMALE,ADULT,235,
GA,N,N,N,2017,UNKNOWN,PUP/CALF,100,
GA,,,,2019,UNKNOWN,UNKNOWN,,
LA,N,N,Y,2017,FEMALE,ADULT,226,135
LA,N,N,Y,2017,FEMALE,ADULT,232,110
LA,,,,2018,UNKNOWN,PUP/CALF,91.44,
LA,,,,2018,MALE,ADULT,277,
LA,N,N,N,2017,MALE,ADULT,237,
LA,,,,2018,MALE,YEARLING,151.2,
LA,C,C,C,2018,FEMALE,SUBADULT,206,
LA,N,N,N,2017,UNKNOWN,SUBADULT,152,
LA,N,N,N,2017,MALE,ADULT,265.4,
LA,N,N,N,2017,MALE,ADULT,255,
LA,,,,2018,MALE,SUBADULT,240,
LA,N,N,N,2017,MALE,SUBADULT,192,
LA,N,N,N,2017,MALE,PUP/CALF,102,7.25
LA,N,N,N,2017,MALE,PUP/CALF,0,
LA,,,,2018,FEMALE,ADULT,203.1,
LA,,,,2018,FEMALE,SUBADULT,190.1,
LA,C,C,C,2019,FEMALE,YEARLING,160.9,
LA,N,N,N,2017,FEMALE,PUP/CALF,162,
LA,,,,2018,UNKNOWN,SUBADULT,,
LA,N,N,N,2017,UNKNOWN,YEARLING,0,
LA,N,N,N,2017,UNKNOWN,PUP/CALF,0,
LA,,,,2017,UNKNOWN,UNKNOWN,,
LA,N,N,N,2017,MALE,ADULT,258,
LA,N,N,N,2017,MALE,ADULT,0,
LA,C,C,C,2018,MALE,ADULT,256,
LA,C,C,C,2018,MALE,PUP/CALF,71.4,3.62
LA,,,,2019,FEMALE,ADULT,224,
LA,C,C,C,2018,FEMALE,ADULT,264,
LA,,,,2018,FEMALE,ADULT,,
LA,N,N,N,2017,FEMALE,YEARLING,185,
LA,N,N,N,2017,FEMALE,PUP/CALF,119,
LA,N,N,N,2017,UNKNOWN,ADULT,240,
LA,C,C,C,2018,UNKNOWN,ADULT,211,
LA,N,N,N,2017,UNKNOWN,ADULT,0,
LA,N,N,N,2017,UNKNOWN,ADULT,0,
LA,N,N,N,2017,UNKNOWN,ADULT,209,
LA,N,N,N,2017,UNKNOWN,PUP/CALF,0,
LA,N,N,N,2017,UNKNOWN,PUP/CALF,125.5,
LA,C,C,C,2018,UNKNOWN,PUP/CALF,113.3,
LA,N,N,N,2017,UNKNOWN,PUP/CALF,0,
LA,N,N,N,2017,UNKNOWN,PUP/CALF,0,
LA,N,N,N,2017,UNKNOWN,PUP/CALF,0,
LA,N,N,N,2017,UNKNOWN,PUP/CALF,99,
LA,,,,2018,UNKNOWN,ADULT,,
LA,N,N,N,2017,UNKNOWN,UNKNOWN,199,
LA,N,N,N,2017,UNKNOWN,ADULT,0,
LA,N,N,N,2017,FEMALE,YEARLING,0,
LA,N,N,N,2017,UNKNOWN,UNKNOWN,0,
LA,N,N,N,2017,FEMALE,ADULT,216,
LA,N,N,N,2017,FEMALE,SUBADULT,206,
LA,C,C,C,2018,FEMALE,PUP/CALF,122,22.28
LA,,,,2017,MALE,ADULT,234,
LA,N,N,N,2017,MALE,ADULT,0,
LA,C,C,C,2018,MALE,,212,
LA,,,,2018,FEMALE,ADULT,,
LA,N,N,N,2017,UNKNOWN,ADULT,278,
LA,N,N,N,2017,UNKNOWN,ADULT,0,
LA,C,C,C,2019,MALE,ADULT,257,
LA,N,N,N,2017,MALE,ADULT,259,
LA,C,C,C,2019,MALE,ADULT,217,
LA,N,N,N,2017,MALE,ADULT,264,
LA,C,C,C,2018,MALE,SUBADULT,0,
LA,C,C,C,2018,FEMALE,ADULT,240,
LA,N,N,N,2017,FEMALE,PUP/CALF,125,19.64
LA,N,N,N,2017,FEMALE,PUP/CALF,103,10.2
LA,N,N,N,2017,FEMALE,PUP/CALF,103,12.19
LA,,,,2018,UNKNOWN,PUP/CALF,,
LA,,,,2018,MALE,ADULT,,
LA,N,N,N,2017,MALE,ADULT,183,
LA,,,,2018,MALE,SUBADULT,198,
LA,N,N,N,2017,FEMALE,PUP/CALF,114.5,
LA,,,,2017,FEMALE,UNKNOWN,,
LA,C,C,C,2018,UNKNOWN,ADULT,0,
LA,,,,2018,UNKNOWN,ADULT,,
LA,C,C,C,2018,UNKNOWN,YEARLING,0,
LA,C,C,C,2018,UNKNOWN,PUP/CALF,,
LA,C,C,C,2018,UNKNOWN,UNKNOWN,0,
LA,C,C,C,2018,UNKNOWN,ADULT,0,
LA,C,C,C,2017,UNKNOWN,ADULT,198,
LA,N,N,N,2017,MALE,YEARLING,172,
LA,N,N,N,2017,UNKNOWN,ADULT,250,
LA,N,N,N,2017,MALE,PUP/CALF,105.5,14.22
LA,,,,2018,UNKNOWN,UNKNOWN,,
LA,N,N,N,2017,MALE,ADULT,264,
LA,N,N,N,2017,UNKNOWN,PUP/CALF,0,
LA,,,,2017,UNKNOWN,UNKNOWN,211.7,
LA,N,N,N,2017,MALE,PUP/CALF,91,
LA,C,C,C,2018,MALE,ADULT,182.8,
LA,,,,2018,MALE,ADULT,,
LA,C,C,C,2018,UNKNOWN,SUBADULT,168,
LA,,,Y,2017,UNKNOWN,ADULT,200,
LA,C,C,C,2018,MALE,ADULT,244,
MA,N,N,C,2018,MALE,ADULT,287,
MA,N,N,N,2018,MALE,SUBADULT,199,
MA,N,C,C,2019,MALE,ADULT,259,151
MA,N,N,C,2018,MALE,ADULT,253,184
MA,C,C,C,2018,UNKNOWN,UNKNOWN,250,
MA,,,,2019,MALE,ADULT,299,
MA,,,,2018,UNKNOWN,,,
MA,,,,2018,FEMALE,,276.5,
MA,N,N,N,2017,UNKNOWN,UNKNOWN,0,
MA,N,N,N,2018,MALE,ADULT,267,202.5
MA,N,N,N,2019,MALE,ADULT,287,248
MA,N,N,N,2018,MALE,SUBADULT,202,
MA,N,N,N,2017,FEMALE,ADULT,295,
MD,,,,2019,FEMALE,ADULT,196,61.5
MD,N,N,N,2017,MALE,ADULT,203.2,200
MD,N,N,Y,2017,UNKNOWN,UNKNOWN,135,
MD,,,Y,2019,MALE,SUBADULT,174,65.8
MD,,,Y,2018,MALE,PUP/CALF,131,
MD,N,N,Y,2017,FEMALE,ADULT,216,174.8
MD,,,,2018,FEMALE,SUBADULT,192,175
MD,N,N,N,2017,MALE,ADULT,255,550
MD,,,,2019,MALE,PUP/CALF,121.5,21.5
MD,N,N,N,2017,UNKNOWN,ADULT,246,175
MD,,,,2019,UNKNOWN,UNKNOWN,,
MD,,,,2019,MALE,UNKNOWN,,
MD,,,,2018,MALE,ADULT,213,
MD,,,,2019,UNKNOWN,UNKNOWN,72,
MD,,,,2019,UNKNOWN,ADULT,243.84,
MD,N,N,N,2017,UNKNOWN,UNKNOWN,243,65
MD,N,N,N,2017,UNKNOWN,UNKNOWN,182,175
MD,,,,2018,MALE,ADULT,293,500
MD,,,,2018,UNKNOWN,SUBADULT,66,
MD,,,,2018,FEMALE,ADULT,,
MD,,,,2018,UNKNOWN,SUBADULT,,
MD,,,,2018,UNKNOWN,UNKNOWN,,
MD,,,,2018,UNKNOWN,UNKNOWN,18.25,6
MD,N,N,N,2017,FEMALE,ADULT,258,258
MD,N,N,N,2017,MALE,UNKNOWN,198,175
MD,,,,2017,MALE,ADULT,274,420
MD,,,,2019,UNKNOWN,PUP/CALF,,
MD,,,,2019,MALE,SUBADULT,167,
MD,,,,2018,MALE,ADULT,243,
MD,,,,2019,UNKNOWN,UNKNOWN,,
MD,,,,2018,UNKNOWN,ADULT,108,
MD,N,N,N,2017,UNKNOWN,ADULT,243,225
MD,,,,2019,MALE,ADULT,,
MD,,,,2018,MALE,ADULT,99,321
MD,N,N,N,2017,UNKNOWN,ADULT,304,175
MD,,,,2019,UNKNOWN,SUBADULT,,
MD,,,,2018,MALE,ADULT,,
MD,,,,2018,UNKNOWN,UNKNOWN,,
MD,N,N,N,2017,UNKNOWN,UNKNOWN,182,100
MD,,,,2019,MALE,ADULT,260,
MD,,,,2018,MALE,ADULT,274,
MD,,,,2019,UNKNOWN,ADULT,,
MD,,,,2018,UNKNOWN,UNKNOWN,,
MD,,,,2018,MALE,ADULT,274,
MD,N,N,N,2017,UNKNOWN,PUP/CALF,51,40
MD,,,,2019,UNKNOWN,ADULT,,
MD,,,,2018,UNKNOWN,UNKNOWN,,
MD,,,,2018,UNKNOWN,UNKNOWN,,
MD,,,,2018,MALE,ADULT,228,
MD,,,,2018,MALE,ADULT,236,
MD,,,,2018,UNKNOWN,,106,
ME,,,,2019,MALE,ADULT,320,226.8
MS,C,Y,C,2018,FEMALE,ADULT,232.5,177.3
MS,C,C,C,2018,MALE,ADULT,245,170
MS,N,N,N,2017,MALE,SUBADULT,183,100
MS,N,N,N,2017,MALE,PUP/CALF,101.6,17.1
MS,,,,2018,MALE,PUP/CALF,109,15
MS,N,N,N,2017,MALE,PUP/CALF,135,28
MS,N,N,N,2017,MALE,PUP/CALF,102,10
MS,N,N,N,2017,FEMALE,ADULT,241,200
MS,N,N,N,2017,FEMALE,PUP/CALF,112,11.9
MS,N,N,N,2017,FEMALE,PUP/CALF,111.5,30
MS,,,,2018,FEMALE,PUP/CALF,93,12
MS,N,N,N,2017,UNKNOWN,ADULT,213,200
MS,N,N,N,2017,UNKNOWN,SUBADULT,183,150
MS,,,,2018,FEMALE,PUP/CALF,89,4
MS,C,C,C,2018,UNKNOWN,ADULT,275,
MS,C,C,C,2018,UNKNOWN,ADULT,200,113.4
MS,N,N,N,2017,MALE,ADULT,257.5,159.6
MS,Y,N,N,2018,MALE,ADULT,247,220.1
MS,N,N,N,2017,FEMALE,ADULT,215.5,142.7
MS,N,N,N,2017,FEMALE,ADULT,234.5,350
MS,N,N,N,2017,UNKNOWN,ADULT,213,100
MS,N,N,N,2017,UNKNOWN,SUBADULT,152,100
MS,N,N,N,2017,UNKNOWN,PUP/CALF,115,45
MS,N,N,N,2017,MALE,ADULT,256,250
MS,,,,2018,MALE,ADULT,233,150
MS,N,N,N,2018,MALE,ADULT,256.5,150
MS,N,N,Y,2018,MALE,ADULT,242,170
MS,N,N,N,2017,MALE,ADULT,248,230
MS,N,N,N,2017,MALE,PUP/CALF,98.2,8.2
MS,N,N,N,2017,MALE,PUP/CALF,150.2,50
MS,,,,2018,MALE,PUP/CALF,102.1,5.2
MS,,,,2018,MALE,PUP/CALF,96,11
MS,C,C,C,2018,FEMALE,ADULT,223,110
MS,N,N,N,2017,FEMALE,ADULT,231.4,200
MS,N,N,N,2017,FEMALE,ADULT,230,110
MS,N,N,N,2017,FEMALE,ADULT,247,250
MS,C,C,C,2019,FEMALE,ADULT,232,
MS,N,N,N,2017,FEMALE,ADULT,247,160
MS,C,C,C,2018,FEMALE,ADULT,234,120
MS,,,,2018,FEMALE,SUBADULT,185.5,85
MS,N,N,N,2017,FEMALE,SUBADULT,166.5,40
MS,,,,2017,FEMALE,SUBADULT,163,60
MS,C,C,C,2019,FEMALE,SUBADULT,189.5,35
MS,,,,2018,FEMALE,SUBADULT,156,50
MS,C,C,C,2018,FEMALE,SUBADULT,160,
MS,,,,2018,FEMALE,PUP/CALF,112.2,5
MS,,,,2018,FEMALE,PUP/CALF,99,14
MS,N,N,N,2017,FEMALE,PUP/CALF,115,17.5
MS,,,,2018,FEMALE,PUP/CALF,112,12.9
MS,,,,2018,FEMALE,PUP/CALF,126,15.7
MS,C,C,C,2019,FEMALE,PUP/CALF,107.5,9.75
MS,C,C,C,2018,FEMALE,PUP/CALF,108,16.2
MS,N,N,N,2017,UNKNOWN,SUBADULT,183,150
MS,N,N,N,2017,UNKNOWN,SUBADULT,183,70
MS,N,N,N,2017,UNKNOWN,PUP/CALF,91,15
MS,N,N,N,2017,UNKNOWN,PUP/CALF,115,11
MS,N,N,N,2017,UNKNOWN,UNKNOWN,0,0
MS,,,,2018,MALE,PUP/CALF,149,14
MS,N,N,N,2017,MALE,,144.9,100
MS,,,,2017,FEMALE,PUP/CALF,91,15
MS,,,,2017,FEMALE,PUP/CALF,72.5,7
MS,,,,2018,UNKNOWN,ADULT,242,170
MS,N,N,N,2017,UNKNOWN,ADULT,213,100
MS,N,N,N,2017,UNKNOWN,PUP/CALF,60,10
MS,,,,2018,UNKNOWN,PUP/CALF,77,2.2
MS,,,,2018,UNKNOWN,PUP/CALF,99.2,4
MS,,,,2018,UNKNOWN,PUP/CALF,102,5.5
MS,,,,2018,UNKNOWN,PUP/CALF,101.1,5
MS,,,,2018,UNKNOWN,PUP/CALF,104.5,10
MS,N,N,N,2017,UNKNOWN,PUP/CALF,150,30
MS,N,N,N,2017,UNKNOWN,ADULT,235,110
MS,N,N,N,2017,UNKNOWN,ADULT,229,150
MS,C,C,C,2018,UNKNOWN,ADULT,244,20
MS,,,,2018,UNKNOWN,SUBADULT,183,
MS,N,N,N,2018,UNKNOWN,,0,0
MS,C,C,C,2018,FEMALE,SUBADULT,167,45
MS,N,N,N,2017,MALE,ADULT,204.5,88.9
MS,C,C,C,2018,MALE,ADULT,260.3,249.48
MS,N,N,N,2017,MALE,ADULT,257.5,169.1
MS,C,N,C,2017,FEMALE,ADULT,225.5,156.4
MS,N,N,N,2017,MALE,ADULT,236,150
MS,N,N,C,2018,MALE,ADULT,221,113
MS,N,N,N,2017,MALE,ADULT,244,300
MS,C,C,C,2019,MALE,SUBADULT,241,170
MS,C,C,C,2018,MALE,SUBADULT,196,45
MS,,,,2018,MALE,PUP/CALF,115,20
MS,,,,2018,FEMALE,ADULT,213,68
MS,,,,2017,FEMALE,SUBADULT,185,80
MS,N,N,N,2017,FEMALE,PUP/CALF,107.2,15
MS,C,C,C,2018,UNKNOWN,ADULT,240,
MS,N,N,N,2017,UNKNOWN,SUBADULT,152,100
MS,N,N,N,2017,UNKNOWN,PUP/CALF,88,11
MS,C,C,C,2018,MALE,PUP/CALF,144,22.68
MS,C,C,C,2018,FEMALE,SUBADULT,182,
MS,C,C,C,2018,MALE,ADULT,200,
MS,,,,2018,UNKNOWN,UNKNOWN,44,5
MS,N,N,N,2018,MALE,SUBADULT,175,90
NC,N,N,N,2017,MALE,PUP/CALF,103,14.5
NC,,,,2019,MALE,ADULT,289,
NC,N,N,Y,2017,MALE,SUBADULT,201,
NC,,,,2019,MALE,SUBADULT,231,
NC,,,,2019,MALE,SUBADULT,219,
NC,,,,2019,FEMALE,ADULT,280,
NC,N,N,Y,2018,FEMALE,SUBADULT,209,
NC,C,,,2019,MALE,ADULT,251,
NC,,,,2019,MALE,SUBADULT,182,
NC,N,N,N,2017,MALE,ADULT,258,
NC,,,,2018,FEMALE,ADULT,294,277
NC,N,N,N,2017,FEMALE,SUBADULT,172,
NC,N,N,N,2017,MALE,SUBADULT,186,
NC,,,,2019,MALE,ADULT,256,
NC,N,N,Y,2018,MALE,SUBADULT,197,86.9
NC,N,N,N,2017,MALE,SUBADULT,226,
NC,,,,2019,UNKNOWN,ADULT,246,
NC,,,,2018,FEMALE,ADULT,262,210
NC,N,N,N,2017,MALE,ADULT,268,241
NC,,,,2018,MALE,PUP/CALF,101,13.48
NC,N,N,N,2019,FEMALE,ADULT,257,143.34
NC,,,,2019,FEMALE,SUBADULT,188,174
NC,,,,2019,FEMALE,PUP/CALF,183,
NC,,,C,2019,UNKNOWN,SUBADULT,150,
NC,N,N,N,2017,MALE,SUBADULT,190,
NC,,,,2019,MALE,PUP/CALF,114,
NC,,,,2019,MALE,ADULT,250,
NC,,,,2019,FEMALE,ADULT,298,
NC,,,,2018,MALE,YEARLING,189.1,86.2
NC,N,N,N,2017,FEMALE,ADULT,249,201
NC,,,,2018,FEMALE,SUBADULT,185,
NC,,,,2019,MALE,YEARLING,173.5,
NC,,,Y,2019,MALE,ADULT,241.2,
NC,,,,2017,MALE,PUP/CALF,113.6,
NC,N,N,N,2017,MALE,SUBADULT,187,
NC,C,C,C,2018,MALE,SUBADULT,222,
NC,,,,2019,MALE,ADULT,277.4,
NC,,,,2018,MALE,ADULT,284,
NC,N,N,N,2017,FEMALE,SUBADULT,220,
NC,N,N,N,2017,FEMALE,SUBADULT,191,74.4
NC,,,,2019,MALE,SUBADULT,199.5,
NC,,,,2018,UNKNOWN,SUBADULT,195,
NC,,,,2019,UNKNOWN,SUBADULT,240,
NC,,,,2019,UNKNOWN,YEARLING,185,
NC,,,,2019,UNKNOWN,UNKNOWN,229,
NC,,,,2019,UNKNOWN,UNKNOWN,145,
NC,N,N,N,2017,MALE,ADULT,291,
NC,,,,2019,FEMALE,ADULT,282,
NC,,,,2019,MALE,SUBADULT,196,63.5
NC,N,N,Y,2019,FEMALE,ADULT,235,154
NC,,,,2019,FEMALE,YEARLING,166,47.4
NC,N,N,Y,2019,UNKNOWN,YEARLING,168,
NC,,,,2018,MALE,ADULT,279,194
NC,,,,2017,MALE,ADULT,275,
NC,,,,2019,MALE,PUP/CALF,169,61.2
NC,N,N,N,2017,FEMALE,ADULT,257,218.9
NC,,,,2019,FEMALE,ADULT,237,
NC,N,N,N,2017,FEMALE,SUBADULT,199,74.2
NC,,,,2018,FEMALE,PUP/CALF,114,20
NC,,,,2018,FEMALE,ADULT,238,
NC,,,,2019,MALE,ADULT,271,176
NC,,,,2018,MALE,ADULT,273,
NC,,,,2019,MALE,ADULT,279,
NC,N,N,N,2017,MALE,ADULT,288,
NC,,,,2018,MALE,ADULT,272,183.5
NC,,,,2018,MALE,SUBADULT,183,
NC,N,N,N,2017,MALE,SUBADULT,195,
NC,N,N,C,2018,MALE,SUBADULT,241,
NC,C,C,C,2019,MALE,YEARLING,185,68.7
NC,,,,2019,MALE,PUP/CALF,112.6,14.8
NC,,,C,2017,MALE,ADULT,256,
NC,,,,2019,MALE,ADULT,258,
NC,,,,2018,MALE,PUP/CALF,108,
NC,,,,2018,FEMALE,ADULT,264,
NC,N,N,N,2017,FEMALE,ADULT,294,
NC,,,,2019,FEMALE,ADULT,235,
NC,,,,2019,FEMALE,ADULT,242,
NC,N,N,C,2018,FEMALE,ADULT,254,
NC,,,,2018,FEMALE,ADULT,276,
NC,,,,2018,FEMALE,ADULT,245,
NC,,,,2018,FEMALE,ADULT,266,
NC,,,,2019,FEMALE,ADULT,242,147.9
NC,,,,2018,FEMALE,ADULT,232,
NC,,,,2019,FEMALE,SUBADULT,208,
NC,N,N,Y,2018,FEMALE,YEARLING,176,
NC,,,,2019,UNKNOWN,ADULT,267,
NC,,,,2018,MALE,SUBADULT,246,
NC,,,,2019,MALE,SUBADULT,205,
NC,,,,2019,MALE,SUBADULT,241,
NC,,,,2018,MALE,SUBADULT,235,
NC,,,,2017,FEMALE,SUBADULT,211,
NC,N,N,N,2017,UNKNOWN,SUBADULT,220,
NC,N,N,N,2017,UNKNOWN,PUP/CALF,104,
NC,,,,2018,UNKNOWN,UNKNOWN,,
NC,,,,2019,UNKNOWN,UNKNOWN,92,
NC,N,N,N,2017,MALE,ADULT,250,
NC,,,,2019,MALE,SUBADULT,206,226.8
NC,N,N,N,2017,FEMALE,SUBADULT,196,
NC,,,N,2017,FEMALE,ADULT,276,
NC,,,,2018,MALE,SUBADULT,208,
NC,N,N,N,2017,MALE,,305.5,245
NC,,,,2018,FEMALE,ADULT,230,171.8
NC,,,,2018,FEMALE,SUBADULT,206,
NC,N,N,Y,2018,UNKNOWN,,,
NC,,,,2018,MALE,ADULT,272,
NC,N,N,N,2017,MALE,ADULT,262.5,
NC,,,,2018,MALE,ADULT,278.3,
NC,,,Y,2019,MALE,ADULT,282,
NC,,,,2019,MALE,ADULT,306,
NC,N,N,N,2017,MALE,SUBADULT,221.8,
NC,,,,2018,MALE,SUBADULT,224.6,
NC,,,,2019,MALE,PUP/CALF,102,
NC,,,,2018,MALE,ADULT,280,
NC,,,Y,2018,MALE,ADULT,278.2,
NC,N,N,Y,2017,MALE,SUBADULT,208.3,
NC,N,N,N,2017,FEMALE,ADULT,279.3,
NC,,,,2018,FEMALE,ADULT,238.5,
NC,,,,2019,FEMALE,ADULT,263,
NC,,,,2019,FEMALE,ADULT,251.5,
NC,,,,2019,FEMALE,ADULT,250.2,
NC,,,,2019,FEMALE,ADULT,258,
NC,N,N,N,2018,FEMALE,YEARLING,183.9,
NC,N,N,N,2017,FEMALE,YEARLING,185,
NC,C,C,Y,2018,FEMALE,YEARLING,183.7,
NC,N,N,Y,2017,FEMALE,ADULT,227,
NC,N,N,N,2017,FEMALE,ADULT,250.2,
NC,,,,2019,FEMALE,ADULT,249,
NC,N,N,Y,2017,FEMALE,SUBADULT,213.1,
NC,,,,2019,FEMALE,YEARLING,155,
NC,,,,2018,MALE,ADULT,290,
NC,C,C,C,2019,MALE,ADULT,267,
NC,N,N,N,2017,MALE,ADULT,263,
NC,,,Y,2019,MALE,ADULT,258,
NC,,,,2018,MALE,ADULT,254,
NC,,,,2019,MALE,SUBADULT,205.5,
NC,,,,2019,MALE,YEARLING,184,
NC,,,,2019,MALE,PUP/CALF,113,
NC,N,N,N,2017,MALE,PUP/CALF,195,
NC,,,,2018,MALE,ADULT,259,
NC,,,,2018,MALE,SUBADULT,160,
NC,N,N,N,2017,MALE,YEARLING,164.2,
NC,,,,2018,MALE,YEARLING,185.5,
NC,,,,2018,MALE,,109,
NC,,,,2019,MALE,,257,
NC,,,,2019,FEMALE,ADULT,256,
NC,,,,2019,FEMALE,ADULT,235,
NC,,,,2018,FEMALE,SUBADULT,198,
NC,,,,2018,FEMALE,SUBADULT,224.8,
NC,,,,2018,FEMALE,SUBADULT,164,
NC,,,,2018,FEMALE,SUBADULT,216.6,
NC,,,,2019,FEMALE,SUBADULT,203,
NC,,,,2018,FEMALE,YEARLING,164.7,
NC,,,,2019,FEMALE,YEARLING,207,
NC,,,,2019,FEMALE,YEARLING,155,
NC,,,,2019,FEMALE,PUP/CALF,100,
NC,,,,2018,FEMALE,PUP/CALF,164.7,
NC,,,,2019,FEMALE,PUP/CALF,126,
NC,,,,2018,FEMALE,UNKNOWN,213,
NC,,,,2019,FEMALE,UNKNOWN,220,
NC,N,N,N,2017,FEMALE,,237.1,
NC,,,,2019,FEMALE,ADULT,202,
NC,,,,2018,FEMALE,SUBADULT,180,
NC,N,N,N,2017,FEMALE,,244.5,
NC,,,,2018,UNKNOWN,ADULT,258,
NC,,,,2017,UNKNOWN,PUP/CALF,104.4,
NC,N,N,N,2017,UNKNOWN,,287,
NC,N,N,N,2017,MALE,ADULT,267.6,
NC,N,N,N,2017,MALE,YEARLING,171,
NC,,,,2019,MALE,PUP/CALF,182,
NC,,,,2019,MALE,ADULT,249,
NC,,,,2018,FEMALE,PUP/CALF,102,
NC,N,N,N,2017,FEMALE,PUP/CALF,105,
NC,N,N,N,2017,FEMALE,UNKNOWN,210,
NC,,,,2018,FEMALE,PUP/CALF,93,
NC,,,,2018,UNKNOWN,ADULT,247,
NC,N,N,N,2017,UNKNOWN,UNKNOWN,226,
NC,,,,2019,UNKNOWN,UNKNOWN,180,
NC,C,C,C,2017,UNKNOWN,,229,
NC,,,,2019,UNKNOWN,ADULT,272,
NC,N,N,N,2017,UNKNOWN,,195,
NC,,,,2019,UNKNOWN,ADULT,276,
NC,,,,2018,UNKNOWN,UNKNOWN,45,
NC,,,,2019,UNKNOWN,UNKNOWN,250,
NC,N,N,N,2017,UNKNOWN,,0,
NC,,,,2019,MALE,ADULT,254,
NC,,,,2018,MALE,SUBADULT,236,
NC,N,N,N,2017,MALE,ADULT,261,172.9
NC,,,,2018,MALE,ADULT,265,
NC,N,N,Y,2019,MALE,SUBADULT,207,
NC,,,,2019,FEMALE,ADULT,266,
NC,N,N,N,2017,FEMALE,ADULT,289,
NC,,,,2018,FEMALE,SUBADULT,188,
NC,,,,2019,FEMALE,PUP/CALF,115,
NC,,,,2018,MALE,ADULT,283,
NC,,,,2019,MALE,SUBADULT,249,
NC,,,,2019,MALE,SUBADULT,207,
NC,,,,2019,MALE,PUP/CALF,183,
NC,,,,2019,MALE,UNKNOWN,190.3,
NC,N,N,N,2017,FEMALE,ADULT,225,
NC,,,,2017,FEMALE,ADULT,244,
NC,,,,2018,FEMALE,UNKNOWN,175,
NC,N,N,N,2017,MALE,ADULT,280,
NC,,,,2019,MALE,ADULT,282,
NC,N,N,N,2017,MALE,UNKNOWN,200,
NC,N,N,N,2017,UNKNOWN,SUBADULT,200,
NC,N,N,N,2017,UNKNOWN,ADULT,258,
NC,,,,2018,UNKNOWN,UNKNOWN,150,
NC,N,N,N,2017,UNKNOWN,,271,
NC,,,,2019,UNKNOWN,ADULT,255,
NC,N,N,N,2017,MALE,ADULT,270,242
NC,,,,2018,FEMALE,ADULT,240,206.6
NC,N,N,N,2017,FEMALE,SUBADULT,180.5,
NC,N,N,N,2017,FEMALE,,108,18.96
NC,N,N,N,2017,MALE,,219,
NC,,,,2018,FEMALE,,239,
NC,,,,2019,UNKNOWN,,198,
NC,,,,2019,MALE,PUP/CALF,189,
NC,Y,N,Y,2018,MALE,PUP/CALF,105,
NC,N,N,Y,2019,FEMALE,PUP/CALF,167,49.3
NC,N,N,N,2018,FEMALE,SUBADULT,195,78.9
NC,,,,2019,FEMALE,ADULT,260,
NC,,,,2019,FEMALE,,248,
NC,,,,2018,MALE,ADULT,282,
NC,,,,2018,MALE,ADULT,205,
NC,,,,2018,FEMALE,SUBADULT,202,
NC,N,N,N,2017,FEMALE,ADULT,251,
NC,N,N,N,2017,MALE,ADULT,271,
NC,,,,2019,MALE,ADULT,248,
NC,,,,2018,FEMALE,SUBADULT,194,
NC,,,,2019,FEMALE,SUBADULT,183,
NJ,N,N,N,2017,MALE,ADULT,94,250
NJ,,,,2017,MALE,ADULT,106,477.5
NJ,,,,2018,MALE,ADULT,111,544.5
NJ,N,N,N,2017,MALE,SUBADULT,64,159
NJ,N,N,N,2017,FEMALE,ADULT,103,455.5
NJ,N,N,Y,2017,UNKNOWN,ADULT,84,200
NJ,,,,2018,UNKNOWN,UNKNOWN,48,50
NJ,,,,2019,MALE,ADULT,108,300
NJ,,,,2017,MALE,ADULT,88,225
NJ,,,,2017,MALE,SUBADULT,78,200
NJ,N,N,Y,2017,MALE,,114,450
NJ,,,,2019,FEMALE,PUP/CALF,48,60
NJ,N,N,N,2017,UNKNOWN,ADULT,96,250
NJ,,,,2018,UNKNOWN,UNKNOWN,72,200
NJ,N,N,N,2017,MALE,ADULT,84,275
NJ,,,,2019,MALE,ADULT,106,442
NJ,,,,2019,FEMALE,ADULT,96,350
NJ,,,,2019,FEMALE,SUBADULT,79.5,193
NJ,,,,2019,UNKNOWN,SUBADULT,60,100
NJ,,,,2017,MALE,ADULT,97.6,387
NJ,N,N,N,2017,MALE,SUBADULT,78,173.5
NJ,,,,2019,MALE,SUBADULT,66,150
NJ,,,,2019,MALE,PUP/CALF,44,40
NJ,,,,2018,MALE,,82,230
NJ,,,,2019,FEMALE,ADULT,75,200
NJ,Y,,,2019,FEMALE,ADULT,97,360
NJ,,,,2018,FEMALE,ADULT,77.5,191
NJ,,,,2019,FEMALE,PUP/CALF,47,61
NJ,,,,2018,UNKNOWN,UNKNOWN,96,250
NJ,,,,2019,MALE,ADULT,81,200
NJ,,,,2017,MALE,ADULT,120,300
NJ,,,,2018,FEMALE,ADULT,77,175
NJ,,,,2018,FEMALE,ADULT,99,250
NJ,,,,2019,UNKNOWN,ADULT,86,200
NJ,N,N,N,2017,UNKNOWN,SUBADULT,78,150
NJ,,,,2019,UNKNOWN,SUBADULT,78,150
NJ,,,,2018,UNKNOWN,PUP/CALF,38,30
NJ,,,,2019,UNKNOWN,PUP/CALF,48,50
NJ,,,,2019,UNKNOWN,PUP/CALF,48,50
NJ,,,,2019,UNKNOWN,ADULT,78,200
NJ,,,,2018,UNKNOWN,PUP/CALF,42,50
NJ,N,N,N,2017,UNKNOWN,UNKNOWN,12,20
NJ,,,,2018,UNKNOWN,,84,250
NJ,,,,2018,MALE,ADULT,88,327
NJ,N,N,N,2017,MALE,PUP/CALF,44,34.2
NJ,C,C,C,2018,MALE,ADULT,64,200
NJ,N,N,N,2017,MALE,YEARLING,36,40
NJ,,,,2017,UNKNOWN,PUP/CALF,54,50
NJ,,,,2018,UNKNOWN,UNKNOWN,60,100
NJ,,,,2019,FEMALE,ADULT,100,300
NJ,,,,2019,FEMALE,SUBADULT,72,120
NJ,,,,2019,FEMALE,PUP/CALF,34,15
NJ,N,N,N,2017,UNKNOWN,ADULT,117,400
NJ,,,,2019,UNKNOWN,UNKNOWN,36,40
NJ,C,,,2018,UNKNOWN,UNKNOWN,96,
NJ,,,,2019,UNKNOWN,PUP/CALF,40,15
NJ,,,,2019,MALE,ADULT,72,250
NJ,N,N,N,2017,MALE,ADULT,107.87,599
NJ,,,,2019,MALE,PUP/CALF,42,25
NY,,,,2018,MALE,SUBADULT,245,
NY,,,,2019,MALE,,289,
NY,,,,2018,FEMALE,PUP/CALF,113,
NY,,,,2019,MALE,,189.8,
NY,N,N,N,2017,FEMALE,ADULT,276,
NY,N,N,N,2017,UNKNOWN,ADULT,66,
NY,N,N,N,2017,MALE,SUBADULT,196,
NY,N,N,N,2017,MALE,SUBADULT,113.2,
NY,,,,2019,MALE,,258.1,
NY,,,,2018,FEMALE,,198,
NY,N,N,N,2017,UNKNOWN,,0,
NY,,,,2017,MALE,ADULT,290,
NY,N,N,N,2018,FEMALE,,213,
NY,N,N,Y,2017,MALE,SUBADULT,150,
NY,,,,2017,MALE,SUBADULT,188.2,
NY,,,,2019,MALE,,234.7,
NY,,,,2018,MALE,,,
NY,N,N,Y,2017,MALE,,150,
NY,N,N,N,2017,FEMALE,SUBADULT,189,
NY,,,,2018,FEMALE,SUBADULT,207,
NY,Y,,Y,2017,FEMALE,SUBADULT,211,
NY,,,Y,2017,FEMALE,SUBADULT,193,
NY,N,N,N,2017,FEMALE,YEARLING,96,
NY,,,,2018,FEMALE,,1,
NY,N,N,C,2018,MALE,SUBADULT,210,
NY,N,N,N,2017,MALE,SUBADULT,183,
NY,,,,2018,MALE,,277,
NY,,,,2018,FEMALE,SUBADULT,285,
NY,,,,2018,FEMALE,,204.9,
NY,,,,2018,FEMALE,,285,
NY,,,,2018,UNKNOWN,,170,
NY,,,C,2018,UNKNOWN,,,
NY,,,C,2018,UNKNOWN,,,
NY,N,N,N,2017,MALE,ADULT,270,
NY,N,N,C,2018,MALE,,204,
NY,,,,2018,UNKNOWN,,,
PR,,,,2019,MALE,,105,40
RI,N,N,N,2019,MALE,ADULT,303,250
SC,,,,2019,MALE,ADULT,256,189.54
SC,,,,2019,MALE,SUBADULT,208,240
SC,N,N,N,2017,FEMALE,ADULT,246,
SC,,,,2017,FEMALE,PUP/CALF,101,
SC,,,,2018,MALE,ADULT,267,
SC,,,,2018,FEMALE,ADULT,250,179.6
SC,,,Y,2019,FEMALE,ADULT,235,
SC,N,N,N,2017,MALE,SUBADULT,210,122
SC,,,,2019,MALE,SUBADULT,200,
SC,,,,2019,FEMALE,ADULT,248,
SC,,,,2018,UNKNOWN,SUBADULT,200,
SC,,,,2019,MALE,SUBADULT,244,
SC,N,N,Y,2018,MALE,ADULT,245,
SC,N,N,Y,2017,MALE,SUBADULT,174,84.7
SC,N,N,C,2018,UNKNOWN,ADULT,,
SC,N,N,Y,2018,UNKNOWN,ADULT,240,
SC,N,N,Y,2018,UNKNOWN,ADULT,240,
SC,,,Y,2019,UNKNOWN,ADULT,240,
SC,N,N,Y,2017,UNKNOWN,SUBADULT,220,
SC,N,N,Y,2018,UNKNOWN,SUBADULT,200,
SC,N,N,Y,2017,UNKNOWN,UNKNOWN,240,
SC,Y,,Y,2019,UNKNOWN,UNKNOWN,,
SC,N,N,N,2018,UNKNOWN,,200,
SC,,,,2019,MALE,ADULT,255,
SC,N,N,C,2018,MALE,SUBADULT,187,133
SC,N,N,N,2017,FEMALE,ADULT,245,195.05
SC,,,,2019,FEMALE,ADULT,232,125.45
SC,,,,2017,FEMALE,ADULT,233,284
SC,,,,2018,FEMALE,ADULT,239,184.61
SC,N,N,N,2017,UNKNOWN,PUP/CALF,100,
SC,,,,2019,MALE,ADULT,251,
SC,,,,2018,MALE,ADULT,257,
SC,,,,2018,MALE,ADULT,256,200.3
SC,,,Y,2019,MALE,ADULT,256,246.75
SC,N,N,N,2017,MALE,SUBADULT,228,
SC,,,,2019,MALE,SUBADULT,169,
SC,,,,2018,MALE,SUBADULT,241,
SC,,,,2018,MALE,SUBADULT,180,
SC,N,N,N,2017,MALE,SUBADULT,234,
SC,N,N,N,2017,MALE,SUBADULT,180,56.7
SC,N,N,N,2017,MALE,SUBADULT,208,125
SC,N,N,,2019,MALE,SUBADULT,231,
SC,,,,2018,MALE,SUBADULT,167,60.32
SC,N,N,Y,2017,MALE,SUBADULT,185,65.3
SC,N,N,Y,2018,MALE,SUBADULT,181,68.15
SC,N,N,N,2017,MALE,SUBADULT,209,
SC,,,,2019,MALE,SUBADULT,194,
SC,,,,2019,MALE,YEARLING,122,22.23
SC,N,N,N,2017,MALE,YEARLING,154,39.91
SC,,,,2017,MALE,YEARLING,155,42.18
SC,N,N,N,2017,MALE,PUP/CALF,83,6.8
SC,,,,2019,MALE,PUP/CALF,88,18
SC,Y,N,N,2019,MALE,PUP/CALF,107,
SC,,,,2019,MALE,PUP/CALF,94,
SC,,,,2019,MALE,PUP/CALF,86,8.77
SC,N,N,N,2017,MALE,PUP/CALF,100,
SC,N,N,Y,2018,MALE,,250,
SC,,,,2018,MALE,,137,
SC,,,,2018,MALE,ADULT,245,
SC,,,,2018,FEMALE,ADULT,240,105.68
SC,N,N,N,2017,FEMALE,ADULT,235,147
SC,,,,2018,FEMALE,ADULT,234,
SC,,,,2019,FEMALE,ADULT,237,
SC,,,,2019,FEMALE,ADULT,242,
SC,N,N,N,2017,FEMALE,ADULT,246,99.5
SC,N,N,C,2019,FEMALE,ADULT,237,160.45
SC,,,,2019,FEMALE,ADULT,243,
SC,,,,2017,FEMALE,ADULT,226,
SC,,,,2019,FEMALE,ADULT,240,
SC,,,,2019,FEMALE,ADULT,240,
SC,,,,2019,FEMALE,SUBADULT,170,122
SC,,,,2019,FEMALE,SUBADULT,212,
SC,N,N,N,2017,FEMALE,SUBADULT,174,
SC,N,N,N,2017,FEMALE,SUBADULT,167,60.8
SC,,,,2019,FEMALE,SUBADULT,200,
SC,N,N,N,2017,FEMALE,SUBADULT,194,84.2
SC,,,,2018,FEMALE,SUBADULT,169,
SC,N,N,N,2017,FEMALE,YEARLING,123,
SC,Y,N,N,2017,FEMALE,YEARLING,158,50
SC,,,,2019,FEMALE,YEARLING,157.5,
SC,N,N,N,2017,FEMALE,PUP/CALF,93,
SC,,,,2019,FEMALE,PUP/CALF,92,
SC,,,,2018,FEMALE,PUP/CALF,97,14.17
SC,,,,2018,FEMALE,PUP/CALF,102,15.42
SC,,,,2019,UNKNOWN,ADULT,255,
SC,,,,2018,UNKNOWN,ADULT,240,
SC,,,,2019,UNKNOWN,ADULT,245,
SC,,,,2019,UNKNOWN,ADULT,245,
SC,N,N,N,2017,UNKNOWN,SUBADULT,200,
SC,N,N,Y,2017,UNKNOWN,SUBADULT,200,
SC,,,,2019,UNKNOWN,SUBADULT,200,
SC,N,N,N,2017,UNKNOWN,PUP/CALF,100,
SC,,,,2018,UNKNOWN,PUP/CALF,100,
SC,N,N,N,2017,UNKNOWN,PUP/CALF,100,
SC,,,,2019,UNKNOWN,PUP/CALF,100,
SC,N,N,N,2019,MALE,ADULT,255,
SC,,,,2018,MALE,ADULT,265,
SC,,,,2018,MALE,SUBADULT,235,141.84
SC,,,,2018,MALE,YEARLING,137,
SC,,,,2018,MALE,PUP/CALF,106,
SC,,,,2018,FEMALE,SUBADULT,182,
SC,,,,2018,FEMALE,YEARLING,162,
SC,,,,2018,UNKNOWN,ADULT,245,
SC,N,N,Y,2017,UNKNOWN,SUBADULT,197,
SC,,,,2019,UNKNOWN,SUBADULT,178,
SC,N,N,N,2017,UNKNOWN,SUBADULT,172,
SC,,,,2019,UNKNOWN,SUBADULT,211,
SC,,,,2018,UNKNOWN,YEARLING,150,
SC,,,,2019,UNKNOWN,PUP/CALF,109,
SC,,,,2019,UNKNOWN,PUP/CALF,82,
SC,,,,2018,UNKNOWN,,220,
SC,,,,2018,MALE,ADULT,270,
SC,,,,2018,MALE,SUBADULT,172,
SC,,,,2019,UNKNOWN,SUBADULT,175,
SC,N,N,N,2017,UNKNOWN,SUBADULT,173,
SC,,,,2019,UNKNOWN,SUBADULT,195,
SC,,,,2018,UNKNOWN,PUP/CALF,100,
SC,N,N,N,2018,UNKNOWN,ADULT,240,
SC,C,C,C,2018,MALE,SUBADULT,192,
SC,N,N,N,2017,FEMALE,PUP/CALF,88.5,8.4
SC,N,N,N,2017,UNKNOWN,PUP/CALF,100,
SC,N,N,Y,2018,MALE,ADULT,273,
SC,N,N,N,2017,MALE,ADULT,250,
SC,N,N,N,2017,MALE,ADULT,250,
SC,N,N,N,2017,MALE,ADULT,268,
SC,N,N,N,2017,MALE,ADULT,248,198
SC,N,N,N,2017,MALE,SUBADULT,203,
SC,N,N,N,2017,MALE,SUBADULT,173,
SC,,,,2017,MALE,YEARLING,133,60.78
SC,N,N,Y,2017,MALE,YEARLING,143,39.59
SC,,,,2019,MALE,PUP/CALF,95,
SC,,,,2019,FEMALE,ADULT,241,220
SC,,,,2018,FEMALE,ADULT,222,
SC,,,,2019,FEMALE,ADULT,237,
SC,,,,2019,FEMALE,PUP/CALF,97,
SC,N,N,N,2017,UNKNOWN,SUBADULT,220,
SC,,,,2019,UNKNOWN,PUP/CALF,96,
SC,,,,2018,UNKNOWN,PUP/CALF,100,
SC,,,,2018,MALE,,245,
SC,,,,2018,MALE,,171,
SC,,,,2019,UNKNOWN,PUP/CALF,95,
SC,,,,2019,FEMALE,SUBADULT,211,
SC,,,,2019,UNKNOWN,SUBADULT,229,
SC,,,,2018,UNKNOWN,,182.5,
SC,,,,2018,UNKNOWN,,150,
SC,N,N,N,2017,UNKNOWN,PUP/CALF,100,
SC,,,,2019,UNKNOWN,PUP/CALF,100,
SC,,,,2018,UNKNOWN,YEARLING,135,
SC,,,,2017,UNKNOWN,ADULT,,
SC,,,,2018,UNKNOWN,,202,
SC,,,,2019,FEMALE,ADULT,248,
SC,,,,2018,FEMALE,ADULT,248,
SC,,,,2018,FEMALE,ADULT,246,
SC,,,,2019,FEMALE,SUBADULT,199.5,
SC,,,,2018,MALE,ADULT,264,
TX,,,,2018,MALE,ADULT,272,
TX,,,,2019,MALE,ADULT,243,
TX,,,,2019,MALE,YEARLING,198,
TX,,,,2018,MALE,YEARLING,186,
TX,,,,2018,FEMALE,ADULT,244,
TX,,,,2019,FEMALE,ADULT,242,
TX,,,,2018,MALE,PUP/CALF,110,
TX,,,,2019,MALE,PUP/CALF,102,
TX,,,,2018,MALE,PUP/CALF,88,
TX,N,N,N,2017,MALE,PUP/CALF,95,
TX,,,,2018,FEMALE,PUP/CALF,98,
TX,,,,2018,UNKNOWN,ADULT,245,
TX,N,N,N,2017,MALE,ADULT,270,
TX,,,,2019,MALE,ADULT,249,
TX,,,,2018,UNKNOWN,ADULT,177,
TX,,,,2019,UNKNOWN,ADULT,60,
TX,N,N,N,2017,UNKNOWN,SUBADULT,220,
TX,,,,2019,UNKNOWN,ADULT,230,
TX,N,N,Y,2018,FEMALE,YEARLING,198,
TX,,,,2018,MALE,ADULT,290,
TX,,,,2018,MALE,PUP/CALF,152,
TX,,,,2019,FEMALE,YEARLING,180,
TX,N,N,Y,2018,MALE,ADULT,278,
TX,,,Y,2019,MALE,SUBADULT,200,
TX,,,,2018,FEMALE,SUBADULT,210,
TX,,,,2018,UNKNOWN,ADULT,274,
TX,,,,2018,UNKNOWN,YEARLING,179,
TX,,,,2018,UNKNOWN,PUP/CALF,61,
TX,,,,2018,UNKNOWN,PUP/CALF,142,
TX,,,,2018,MALE,YEARLING,180,
TX,,,,2018,UNKNOWN,ADULT,,
TX,,,,2018,UNKNOWN,ADULT,272,
TX,,,,2019,UNKNOWN,PUP/CALF,70,
TX,,,,2018,UNKNOWN,ADULT,,
TX,,,,2019,UNKNOWN,UNKNOWN,,
TX,,,,2019,MALE,YEARLING,157,
TX,,,Y,2019,UNKNOWN,UNKNOWN,,
TX,,,,2017,MALE,ADULT,238,
TX,N,N,N,2017,MALE,ADULT,271,
TX,,,,2019,MALE,ADULT,230,
TX,,,,2018,UNKNOWN,ADULT,225,
TX,N,N,N,2017,MALE,ADULT,225,
TX,N,N,N,2017,MALE,YEARLING,193,
TX,,,,2017,UNKNOWN,ADULT,240,
TX,,,,2018,UNKNOWN,SUBADULT,215,
TX,N,N,N,2017,MALE,SUBADULT,204,
TX,,,,2019,MALE,SUBADULT,210,235
TX,,,,2017,MALE,SUBADULT,217,
TX,N,N,N,2017,FEMALE,SUBADULT,210,187
TX,,,,2019,FEMALE,SUBADULT,212,218
TX,,,,2019,UNKNOWN,PUP/CALF,100,
TX,N,N,Y,2017,UNKNOWN,UNKNOWN,183,
TX,N,N,N,2017,MALE,ADULT,235,
TX,N,N,N,2017,MALE,ADULT,246,
TX,N,N,N,2017,MALE,ADULT,255,
TX,N,N,N,2017,MALE,PUP/CALF,80,
TX,,,,2017,FEMALE,SUBADULT,200,
TX,,,,2019,UNKNOWN,ADULT,225,
TX,,,,2019,UNKNOWN,SUBADULT,225,
TX,,,,2019,UNKNOWN,SUBADULT,200,
TX,N,N,N,2017,UNKNOWN,PUP/CALF,110.4,
TX,,,,2019,FEMALE,YEARLING,197.5,
TX,,,,2018,UNKNOWN,ADULT,,
TX,N,N,N,2017,MALE,ADULT,246,
TX,,,,2018,MALE,SUBADULT,204,
TX,,,,2019,UNKNOWN,ADULT,268,
TX,N,N,N,2017,UNKNOWN,SUBADULT,193,
TX,N,N,N,2017,UNKNOWN,PUP/CALF,111.7,
TX,,,,2018,UNKNOWN,UNKNOWN,,
TX,,,,2018,MALE,ADULT,243,
TX,,,,2017,MALE,SUBADULT,216,
TX,,,,2017,MALE,SUBADULT,215,
TX,N,N,N,2017,MALE,YEARLING,198.5,
TX,N,N,N,2017,MALE,YEARLING,192,
TX,N,N,Y,2018,FEMALE,ADULT,255,
TX,N,N,N,2017,FEMALE,ADULT,241,
TX,,,,2019,FEMALE,YEARLING,175,151
TX,,,,2018,UNKNOWN,ADULT,225,
TX,N,N,N,2017,UNKNOWN,SUBADULT,213,
TX,C,N,Y,2018,MALE,ADULT,262,
TX,N,N,N,2017,MALE,SUBADULT,210,
TX,,,,2017,MALE,SUBADULT,208,
TX,,,,2018,MALE,YEARLING,170,
TX,N,N,N,2018,MALE,YEARLING,170,
TX,N,N,N,2017,MALE,PUP/CALF,120,
TX,N,N,N,2017,MALE,PUP/CALF,103,
TX,N,N,N,2017,MALE,PUP/CALF,119,
TX,,,,2018,MALE,PUP/CALF,102,
TX,,,,2019,MALE,PUP/CALF,102,
TX,N,N,N,2017,MALE,PUP/CALF,75,
TX,,,,2019,MALE,PUP/CALF,106,
TX,N,N,N,2017,FEMALE,ADULT,249,
TX,,,,2018,FEMALE,ADULT,243,
TX,,,,2018,FEMALE,ADULT,245,
TX,,,,2017,FEMALE,SUBADULT,215,
TX,,,,2018,FEMALE,YEARLING,197,
TX,,,,2018,FEMALE,YEARLING,189,
TX,,,,2017,FEMALE,YEARLING,198,
TX,N,N,N,2017,MALE,ADULT,244,
TX,,,,2017,MALE,ADULT,265,
TX,N,N,N,2017,MALE,ADULT,242,
TX,N,N,Y,2018,MALE,ADULT,249,
TX,N,N,N,2017,MALE,ADULT,269,
TX,N,N,N,2017,MALE,ADULT,247,
TX,N,N,N,2017,MALE,ADULT,240,
TX,,,,2018,MALE,ADULT,236,
TX,,,,2019,MALE,ADULT,250,
TX,,,,2019,MALE,SUBADULT,209,
TX,C,N,C,2019,MALE,SUBADULT,205,
TX,,,,2017,MALE,SUBADULT,215,
TX,,,,2019,MALE,SUBADULT,205,
TX,,,,2017,MALE,SUBADULT,200,
TX,,,,2019,MALE,SUBADULT,220,
TX,,,,2019,MALE,SUBADULT,217,
TX,C,C,Y,2018,MALE,YEARLING,186,
TX,,,,2018,MALE,YEARLING,168,
TX,N,N,N,2017,MALE,YEARLING,172,
TX,N,N,N,2017,MALE,YEARLING,157,
TX,N,N,N,2017,MALE,PUP/CALF,107,
TX,N,N,N,2017,MALE,PUP/CALF,102,
TX,,,,2018,MALE,PUP/CALF,101,
TX,,,,2019,MALE,PUP/CALF,103,
TX,N,N,N,2017,MALE,PUP/CALF,99,
TX,,,,2018,MALE,PUP/CALF,107,
TX,N,N,N,2017,MALE,PUP/CALF,94,
TX,C,C,C,2018,MALE,PUP/CALF,99,
TX,N,N,N,2017,MALE,PUP/CALF,97,
TX,N,N,N,2017,MALE,PUP/CALF,107,
TX,N,N,N,2017,MALE,PUP/CALF,110,
TX,N,N,N,2017,MALE,PUP/CALF,100,
TX,,,,2019,MALE,PUP/CALF,94,
TX,N,N,N,2017,MALE,PUP/CALF,108,
TX,,,,2019,MALE,PUP/CALF,76,
TX,,,,2019,MALE,PUP/CALF,98,
TX,,,,2018,MALE,PUP/CALF,102,
TX,N,N,N,2017,MALE,PUP/CALF,102,
TX,,,,2018,MALE,PUP/CALF,87,
TX,,,,2018,MALE,PUP/CALF,100,
TX,,,,2018,MALE,PUP/CALF,117,
TX,,,,2018,MALE,PUP/CALF,97,
TX,,,,2018,MALE,PUP/CALF,94,
TX,,,,2018,MALE,PUP/CALF,94,
TX,,,,2018,MALE,PUP/CALF,107,
TX,,,,2018,MALE,PUP/CALF,97,
TX,,,,2018,MALE,PUP/CALF,107,
TX,,,,2019,MALE,PUP/CALF,108,
TX,,,,2019,MALE,PUP/CALF,115,
TX,N,N,N,2017,MALE,PUP/CALF,98,
TX,N,N,N,2017,MALE,PUP/CALF,102,
TX,N,N,N,2017,MALE,PUP/CALF,100,
TX,,,,2019,MALE,PUP/CALF,115,
TX,N,N,N,2017,MALE,PUP/CALF,98,
TX,N,N,N,2017,MALE,PUP/CALF,85,
TX,N,N,N,2017,MALE,PUP/CALF,75,
TX,N,N,N,2017,MALE,UNKNOWN,150,
TX,,,,2019,FEMALE,ADULT,254,
TX,N,N,Y,2018,FEMALE,ADULT,236,
TX,N,N,N,2017,FEMALE,ADULT,255,
TX,C,N,C,2019,FEMALE,ADULT,229,
TX,,,,2018,FEMALE,SUBADULT,210,
TX,N,N,N,2017,FEMALE,SUBADULT,213,
TX,,,,2019,FEMALE,SUBADULT,225,
TX,N,C,C,2018,FEMALE,YEARLING,156,
TX,,,,2019,FEMALE,YEARLING,195,
TX,,,,2019,FEMALE,YEARLING,144,
TX,,,,2018,FEMALE,YEARLING,159,
TX,,,,2019,FEMALE,YEARLING,151,
TX,N,N,N,2017,FEMALE,YEARLING,197,
TX,,,,2019,FEMALE,YEARLING,155,
TX,,,,2019,FEMALE,PUP/CALF,101,
TX,N,N,N,2017,FEMALE,PUP/CALF,75,
TX,N,N,N,2017,FEMALE,PUP/CALF,92,
TX,N,N,N,2017,FEMALE,PUP/CALF,85,
TX,N,N,N,2017,FEMALE,PUP/CALF,98,
TX,N,N,N,2017,FEMALE,PUP/CALF,109,
TX,,,,2019,FEMALE,PUP/CALF,106,
TX,,,,2018,FEMALE,PUP/CALF,122,
TX,Y,,,2019,FEMALE,,216,
TX,N,N,N,2017,UNKNOWN,ADULT,274,
TX,,,,2017,UNKNOWN,ADULT,270,
TX,,,,2017,UNKNOWN,ADULT,225,
TX,N,N,N,2017,UNKNOWN,ADULT,225,
TX,,,,2019,UNKNOWN,SUBADULT,200,
TX,,,,2018,UNKNOWN,YEARLING,172,
TX,N,N,N,2017,UNKNOWN,YEARLING,180,
TX,,,,2018,UNKNOWN,YEARLING,182,
TX,,,,2018,UNKNOWN,PUP/CALF,89,
TX,,,,2019,UNKNOWN,PUP/CALF,28,
TX,,,,2019,UNKNOWN,PUP/CALF,97,
TX,,,,2019,UNKNOWN,PUP/CALF,137,
TX,,,,2018,UNKNOWN,PUP/CALF,93,
TX,,,,2018,UNKNOWN,PUP/CALF,87,
TX,N,N,N,2017,UNKNOWN,PUP/CALF,100,
TX,N,N,N,2017,UNKNOWN,PUP/CALF,25,
TX,N,N,N,2017,MALE,ADULT,232,
TX,,,,2018,MALE,ADULT,239,
TX,C,,,2018,MALE,ADULT,254,
TX,,,,2018,MALE,ADULT,248,
TX,,,,2018,MALE,ADULT,259,
TX,N,N,N,2017,MALE,ADULT,272,
TX,,,,2018,MALE,ADULT,248,
TX,N,N,N,2017,MALE,ADULT,218,
TX,,,,2018,MALE,ADULT,244,
TX,,,,2017,MALE,ADULT,240,
TX,,,,2019,MALE,ADULT,250,
TX,,,,2019,MALE,ADULT,244,
TX,,,,2018,MALE,ADULT,265,
TX,N,N,N,2017,MALE,ADULT,247,
TX,,,,2018,MALE,ADULT,243,
TX,,,,2018,MALE,ADULT,253,
TX,,,,2018,MALE,ADULT,267,
TX,,,,2019,MALE,ADULT,238,
TX,N,N,N,2017,MALE,ADULT,265,
TX,,,,2018,MALE,ADULT,249,
TX,N,N,N,2017,MALE,ADULT,265,
TX,,,,2017,MALE,ADULT,230,
TX,,,,2017,MALE,SUBADULT,190,
TX,,,,2017,MALE,SUBADULT,220,
TX,N,N,N,2017,MALE,SUBADULT,214,
TX,N,N,N,2017,MALE,SUBADULT,218,
TX,,,,2018,MALE,YEARLING,170,
TX,,,,2018,MALE,YEARLING,198,
TX,N,N,N,2017,MALE,YEARLING,152,
TX,N,N,N,2017,MALE,YEARLING,162,
TX,N,N,N,2017,MALE,PUP/CALF,102,
TX,N,N,N,2017,MALE,PUP/CALF,81,
TX,,,,2019,MALE,PUP/CALF,92,
TX,N,N,N,2017,MALE,PUP/CALF,102,
TX,N,N,N,2017,MALE,PUP/CALF,82,
TX,,,,2018,MALE,PUP/CALF,92,
TX,N,N,N,2017,MALE,PUP/CALF,92,
TX,,,,2018,MALE,PUP/CALF,85,
TX,,,,2019,MALE,PUP/CALF,111,
TX,N,N,N,2017,MALE,PUP/CALF,95,
TX,N,N,N,2017,MALE,PUP/CALF,108,
TX,,,,2017,FEMALE,ADULT,260,
TX,,,,2018,FEMALE,ADULT,261,
TX,N,N,N,2017,FEMALE,ADULT,240,
TX,,,,2018,FEMALE,ADULT,252,
TX,,,,2018,FEMALE,ADULT,246,
TX,,,,2018,FEMALE,ADULT,240,
TX,N,N,N,2017,FEMALE,ADULT,257,
TX,,,,2018,FEMALE,ADULT,237,
TX,,,,2018,FEMALE,ADULT,241,
TX,,,,2018,FEMALE,ADULT,230,
TX,,,,2018,FEMALE,ADULT,250,
TX,N,N,N,2017,FEMALE,ADULT,260,
TX,,,,2018,FEMALE,SUBADULT,224,
TX,,,,2018,FEMALE,YEARLING,182,
TX,,,,2018,FEMALE,YEARLING,194,
TX,N,N,N,2017,FEMALE,YEARLING,182,
TX,N,N,N,2017,FEMALE,PUP/CALF,112,
TX,,,,2018,FEMALE,PUP/CALF,89,
TX,,,,2018,FEMALE,PUP/CALF,86.5,
TX,,,,2018,FEMALE,PUP/CALF,95,
TX,,,,2018,FEMALE,PUP/CALF,100,
TX,,,,2018,FEMALE,PUP/CALF,81,
TX,,,,2018,FEMALE,PUP/CALF,84,
TX,N,N,N,2017,FEMALE,PUP/CALF,107,
TX,N,N,N,2017,FEMALE,PUP/CALF,100,
TX,N,N,N,2017,FEMALE,UNKNOWN,173,
TX,N,N,N,2017,UNKNOWN,ADULT,192,
TX,,,,2019,UNKNOWN,ADULT,245,
TX,,,,2018,UNKNOWN,ADULT,230,
TX,Y,C,C,2019,UNKNOWN,ADULT,100,
TX,,,,2018,UNKNOWN,ADULT,228,
TX,,,,2018,UNKNOWN,SUBADULT,200,
TX,N,N,N,2017,UNKNOWN,SUBADULT,205,
TX,,,,2019,UNKNOWN,SUBADULT,200,
TX,,,,2018,UNKNOWN,PUP/CALF,84,
TX,,,,2019,UNKNOWN,PUP/CALF,111,
TX,,,,2018,UNKNOWN,PUP/CALF,76,
TX,,,,2018,UNKNOWN,PUP/CALF,78,
TX,N,N,N,2017,UNKNOWN,PUP/CALF,106,
TX,,,,2018,UNKNOWN,PUP/CALF,87,
TX,Y,C,C,2018,UNKNOWN,PUP/CALF,138,
TX,,,,2018,UNKNOWN,PUP/CALF,119,
TX,N,N,N,2017,UNKNOWN,PUP/CALF,100,
TX,N,N,N,2017,UNKNOWN,PUP/CALF,100,
TX,,,,2019,UNKNOWN,PUP/CALF,100,
TX,N,N,N,2017,UNKNOWN,UNKNOWN,200,
TX,N,N,N,2017,UNKNOWN,ADULT,210,
TX,,,,2019,UNKNOWN,SUBADULT,200,
TX,,,,2018,UNKNOWN,SUBADULT,61,
TX,,,,2018,UNKNOWN,SUBADULT,200,
TX,C,C,C,2018,UNKNOWN,SUBADULT,200,
TX,,,,2019,UNKNOWN,YEARLING,185,
TX,N,N,N,2017,UNKNOWN,PUP/CALF,100,
TX,,,,2018,UNKNOWN,PUP/CALF,80,
TX,N,N,N,2017,UNKNOWN,UNKNOWN,50,
TX,,,,2019,UNKNOWN,UNKNOWN,133,
TX,,,,2018,UNKNOWN,UNKNOWN,,
TX,,,Y,2019,MALE,ADULT,253,
TX,,,,2019,MALE,PUP/CALF,113,
TX,,,,2018,MALE,ADULT,248,
TX,,,,2019,MALE,ADULT,225,
TX,,,,2019,MALE,ADULT,265,
TX,,,,2018,MALE,ADULT,254,
TX,,,,2019,MALE,SUBADULT,204,
TX,,,Y,2019,MALE,SUBADULT,170,
TX,,,,2018,MALE,PUP/CALF,94,
TX,,,,2018,MALE,PUP/CALF,95,
TX,N,N,N,2017,MALE,PUP/CALF,98,
TX,,,,2019,MALE,PUP/CALF,106,
TX,,,,2018,MALE,PUP/CALF,107,
TX,,,,2017,MALE,PUP/CALF,102,
TX,,,,2019,MALE,PUP/CALF,104.5,
TX,,,,2019,MALE,PUP/CALF,111,
TX,,,,2018,MALE,PUP/CALF,94,
TX,,,,2019,MALE,PUP/CALF,108,
TX,,,,2018,MALE,PUP/CALF,104,
TX,,,,2018,FEMALE,ADULT,241,
TX,,,,2017,FEMALE,SUBADULT,208,
TX,N,N,N,2017,FEMALE,YEARLING,194,
TX,,,,2019,FEMALE,PUP/CALF,109,
TX,,,,2018,FEMALE,PUP/CALF,91,
TX,,,,2018,UNKNOWN,PUP/CALF,96,
TX,,,,2019,MALE,ADULT,257,
TX,,,,2019,MALE,ADULT,216,
TX,,,,2019,MALE,ADULT,247,
TX,,,,2019,MALE,ADULT,232,
TX,,,,2019,MALE,SUBADULT,213,
TX,,,,2019,MALE,SUBADULT,175.5,
TX,N,N,N,2017,MALE,SUBADULT,199,
TX,N,N,N,2017,MALE,PUP/CALF,101,
TX,,,,2018,MALE,PUP/CALF,115,
TX,,,,2018,MALE,PUP/CALF,102,
TX,,,,2018,MALE,ADULT,236,
TX,,,,2019,FEMALE,ADULT,246,
TX,,,,2018,FEMALE,ADULT,252,
TX,,,,2018,FEMALE,YEARLING,197,
TX,N,N,N,2017,FEMALE,PUP/CALF,99,
TX,N,N,N,2017,FEMALE,PUP/CALF,73,
TX,,,,2018,FEMALE,PUP/CALF,107,
TX,,,,2019,UNKNOWN,ADULT,326,
TX,,,,2019,UNKNOWN,YEARLING,149,
TX,,,,2019,UNKNOWN,PUP/CALF,91,
TX,,,,2019,UNKNOWN,PUP/CALF,100,
TX,,,,2018,UNKNOWN,ADULT,230,
TX,,,,2019,UNKNOWN,SUBADULT,218,
TX,,,,2018,MALE,ADULT,230,
TX,,,Y,2019,UNKNOWN,SUBADULT,180,
TX,,,,2018,MALE,ADULT,250,
TX,,,,2019,MALE,PUP/CALF,91,
TX,,,,2019,UNKNOWN,ADULT,248,
TX,,,,2019,MALE,YEARLING,191,
TX,,,,2019,MALE,SUBADULT,225,
TX,N,N,N,2017,UNKNOWN,ADULT,250,
TX,,,,2018,UNKNOWN,ADULT,,
TX,N,N,N,2017,UNKNOWN,UNKNOWN,250,
TX,,,,2019,MALE,PUP/CALF,100,
TX,,,,2018,MALE,ADULT,257,
TX,N,N,N,2017,UNKNOWN,UNKNOWN,60,
TX,,,,2017,MALE,ADULT,229,
TX,,,,2019,MALE,ADULT,269,
TX,,,,2019,MALE,SUBADULT,208,
TX,,,,2019,MALE,YEARLING,195,
TX,,,,2019,UNKNOWN,ADULT,255,
TX,,,,2018,MALE,ADULT,230,
TX,,,,2019,MALE,SUBADULT,210,
TX,,,,2019,MALE,YEARLING,179,
TX,,,,2019,MALE,ADULT,266,352.6
TX,,,,2019,MALE,PUP/CALF,101,
TX,N,N,N,2017,MALE,ADULT,272,
TX,,,,2018,MALE,SUBADULT,214,
TX,,,,2019,MALE,PUP/CALF,114,
TX,,,,2019,FEMALE,YEARLING,187,
TX,,,,2018,UNKNOWN,SUBADULT,210,
TX,,,,2019,MALE,ADULT,271,
TX,,,,2019,MALE,SUBADULT,213,
TX,,,,2019,FEMALE,ADULT,265,
TX,,,,2018,FEMALE,ADULT,261,
TX,,,,2018,FEMALE,SUBADULT,200,
TX,,,,2019,UNKNOWN,UNKNOWN,,
TX,,,,2018,UNKNOWN,UNKNOWN,,
TX,,,,2017,MALE,ADULT,267,
TX,,,,2017,MALE,ADULT,286,
TX,N,N,N,2017,UNKNOWN,SUBADULT,200,
TX,,,,2019,FEMALE,SUBADULT,193,
TX,,,,2019,MALE,ADULT,277,
TX,,,,2018,MALE,YEARLING,168,
TX,,,,2019,MALE,PUP/CALF,78,
TX,,,,2018,MALE,PUP/CALF,92,30
TX,,,,2018,MALE,PUP/CALF,99,
TX,,,,2018,MALE,PUP/CALF,100,
TX,N,N,N,2017,FEMALE,YEARLING,155,
TX,,,,2019,FEMALE,YEARLING,170,
TX,,,,2018,FEMALE,YEARLING,172,
TX,,,,2018,FEMALE,YEARLING,188,
TX,,,,2018,FEMALE,PUP/CALF,101.5,
TX,,,,2019,MALE,ADULT,263,
TX,,,,2018,MALE,ADULT,279,
TX,N,N,N,2017,MALE,SUBADULT,208,
TX,,,,2018,FEMALE,ADULT,253,
TX,,,,2019,FEMALE,ADULT,273,
TX,,,,2019,FEMALE,SUBADULT,244,
TX,,,,2019,FEMALE,YEARLING,160,
TX,,,,2019,UNKNOWN,ADULT,,
TX,,,,2019,UNKNOWN,ADULT,249,
TX,,,,2019,UNKNOWN,ADULT,277,
TX,,,,2018,UNKNOWN,ADULT,,
TX,,,,2018,UNKNOWN,SUBADULT,200,
TX,,,,2019,UNKNOWN,PUP/CALF,82,
TX,,,,2019,UNKNOWN,UNKNOWN,,
TX,N,N,N,2017,UNKNOWN,UNKNOWN,225,
TX,,,,2018,FEMALE,ADULT,252,
TX,,,,2018,UNKNOWN,ADULT,230,
TX,N,N,N,2017,UNKNOWN,PUP/CALF,100,
TX,,,,2019,UNKNOWN,UNKNOWN,,
TX,,,,2019,UNKNOWN,UNKNOWN,225,
TX,N,N,N,2017,UNKNOWN,ADULT,250,350
TX,N,N,N,2019,FEMALE,ADULT,234,
TX,N,N,N,2017,FEMALE,ADULT,258,
TX,,,,2017,FEMALE,ADULT,234,
TX,,,,2019,FEMALE,PUP/CALF,100,
TX,,,,2018,UNKNOWN,ADULT,240,
TX,,,,2018,UNKNOWN,ADULT,260,
TX,,,,2019,UNKNOWN,SUBADULT,225,
TX,,,,2019,UNKNOWN,PUP/CALF,150,
TX,,,,2018,MALE,ADULT,235,
TX,,,,2019,MALE,ADULT,250,
TX,,,,2018,FEMALE,ADULT,249,
TX,,,,2018,UNKNOWN,ADULT,236,
TX,,,,2017,UNKNOWN,YEARLING,195,
TX,,,,2018,UNKNOWN,ADULT,242,
TX,,,,2018,UNKNOWN,ADULT,238,
TX,N,N,N,2017,UNKNOWN,PUP/CALF,100,
VA,,,,2019,MALE,UNKNOWN,0,
VA,,,,2019,MALE,UNKNOWN,0,
VA,,,,2018,MALE,ADULT,298,
VA,,,,2019,MALE,UNKNOWN,279,
VA,N,N,N,2017,MALE,UNKNOWN,262.5,
VA,,,Y,2019,MALE,ADULT,282.2,328.2
VA,,,,2019,MALE,PUP/CALF,0,
VA,,,,2019,MALE,UNKNOWN,260,
VA,,,,2017,MALE,UNKNOWN,0,
VA,,,,2019,FEMALE,SUBADULT,222,
VA,N,N,N,2017,FEMALE,,218,
VA,,,,2019,UNKNOWN,UNKNOWN,0,
VA,N,N,N,2017,FEMALE,UNKNOWN,229,
VA,N,N,N,2017,FEMALE,UNKNOWN,234,
VA,,,,2018,MALE,UNKNOWN,107,
VA,N,N,N,2017,UNKNOWN,UNKNOWN,0,
VA,N,N,N,2017,UNKNOWN,UNKNOWN,0,
VA,N,N,N,2017,UNKNOWN,UNKNOWN,0,
VA,N,N,N,2017,UNKNOWN,UNKNOWN,0,
VA,N,N,N,2017,MALE,UNKNOWN,0,
VA,,,,2019,UNKNOWN,UNKNOWN,0,
VA,,,,2018,MALE,SUBADULT,227,
VA,N,N,Y,2017,MALE,UNKNOWN,217,
VA,N,N,Y,2017,MALE,UNKNOWN,224,
VA,N,N,N,2017,MALE,UNKNOWN,234,
VA,,,,2019,MALE,UNKNOWN,253.6,
VA,N,N,Y,2017,MALE,UNKNOWN,235,
VA,,,,2019,MALE,UNKNOWN,217,
VA,,,,2019,MALE,UNKNOWN,0,
VA,,,,2019,MALE,UNKNOWN,0,
VA,,,,2017,MALE,ADULT,261.1,
VA,,,,2017,FEMALE,ADULT,253,
VA,,,,2019,FEMALE,UNKNOWN,256,
VA,,,,2019,UNKNOWN,PUP/CALF,0,
VA,,,,2019,UNKNOWN,UNKNOWN,245.1,
VA,,,,2019,UNKNOWN,UNKNOWN,0,
VA,,,,2019,UNKNOWN,UNKNOWN,0,
VA,,,,2019,UNKNOWN,UNKNOWN,0,
VA,,,,2019,UNKNOWN,UNKNOWN,0,
VA,,,,2018,UNKNOWN,UNKNOWN,0,
VA,,,,2019,UNKNOWN,UNKNOWN,210.8,
VA,,,,2018,UNKNOWN,UNKNOWN,188,
VA,,,,2018,UNKNOWN,UNKNOWN,0,
VA,,,,2018,UNKNOWN,UNKNOWN,278,
VA,,,,2019,UNKNOWN,UNKNOWN,0,
VA,N,N,N,2017,UNKNOWN,,212,
VA,,,,2019,MALE,UNKNOWN,246,
VA,,,,2019,MALE,UNKNOWN,0,
VA,N,N,N,2017,FEMALE,UNKNOWN,196.8,
VA,,,,2018,UNKNOWN,PUP/CALF,0,
VA,,,,2019,UNKNOWN,UNKNOWN,0,
VA,,,Y,2017,UNKNOWN,UNKNOWN,,
VA,,,,2018,UNKNOWN,UNKNOWN,0,
VA,,,,2018,MALE,PUP/CALF,110.8,
VA,N,N,N,2017,FEMALE,UNKNOWN,232,
VA,,,,2018,FEMALE,PUP/CALF,102,
VA,,,,2019,UNKNOWN,UNKNOWN,0,
VA,,,,2019,MALE,UNKNOWN,273,
VA,,,,2018,MALE,UNKNOWN,0,
VA,,,,2019,FEMALE,UNKNOWN,278,
VA,,,,2018,FEMALE,UNKNOWN,182.8,
VA,,,,2018,FEMALE,UNKNOWN,240,
VA,N,N,N,2017,UNKNOWN,UNKNOWN,0,
VA,,,,2019,UNKNOWN,UNKNOWN,0,
VA,,,,2018,UNKNOWN,UNKNOWN,267,
VA,,,,2018,MALE,SUBADULT,209,115.5
VA,,,Y,2018,UNKNOWN,UNKNOWN,0,
VA,N,N,N,2017,MALE,UNKNOWN,175,51.5
VA,,,,2017,MALE,SUBADULT,213,109.5
VA,,,,2018,MALE,PUP/CALF,98.8,
VA,,,,2019,FEMALE,PUP/CALF,95,
VA,,,,2019,FEMALE,PUP/CALF,128.1,
VA,N,N,N,2017,FEMALE,UNKNOWN,164,
VA,,,,2019,FEMALE,UNKNOWN,175.1,
VA,,,,2018,FEMALE,ADULT,252,
VA,,,,2018,FEMALE,ADULT,234,
VA,N,N,N,2017,FEMALE,PUP/CALF,98.8,
VA,,,,2018,FEMALE,PUP/CALF,122.8,
VA,,,Y,2018,FEMALE,UNKNOWN,180,
VA,,,,2019,UNKNOWN,UNKNOWN,0,
VA,,,,2018,FEMALE,UNKNOWN,156.2,
VA,,,,2019,UNKNOWN,UNKNOWN,0,
VA,N,N,N,2017,MALE,UNKNOWN,241,
VA,,,,2018,FEMALE,UNKNOWN,190,
VA,,,Y,2018,MALE,SUBADULT,0,
VA,,,,2019,MALE,PUP/CALF,110,
VA,N,N,N,2017,MALE,UNKNOWN,226,
VA,N,N,N,2017,MALE,UNKNOWN,272.2,
VA,,,,2019,MALE,UNKNOWN,193.2,
VA,,,,2019,MALE,UNKNOWN,259,
VA,,,,2019,MALE,UNKNOWN,259,
VA,N,N,N,2017,MALE,UNKNOWN,0,
VA,,,,2018,MALE,ADULT,271.7,
VA,,,,2018,MALE,ADULT,290,
VA,N,N,N,2017,MALE,PUP/CALF,115,
VA,N,N,N,2017,MALE,PUP/CALF,0,
VA,N,N,N,2017,FEMALE,UNKNOWN,263,
VA,N,N,Y,2017,FEMALE,UNKNOWN,261.5,
VA,,,Y,2019,FEMALE,UNKNOWN,194,
VA,,,,2018,FEMALE,PUP/CALF,131.8,
VA,,,,2017,FEMALE,UNKNOWN,217,
VA,,,,2018,FEMALE,UNKNOWN,196,
VA,,,,2019,UNKNOWN,PUP/CALF,91,
VA,,,,2019,UNKNOWN,PUP/CALF,99.2,
VA,,,,2018,UNKNOWN,PUP/CALF,0,
VA,,,,2018,UNKNOWN,UNKNOWN,0,
VA,,,,2019,UNKNOWN,UNKNOWN,0,
VA,,,,2018,UNKNOWN,UNKNOWN,276,
VA,,,,2018,UNKNOWN,UNKNOWN,0,
VA,,,,2018,UNKNOWN,UNKNOWN,254.5,
VA,N,N,N,2017,MALE,UNKNOWN,263.5,
VA,N,N,N,2017,MALE,UNKNOWN,220,
VA,,,,2018,MALE,ADULT,312,
VA,,,,2018,MALE,UNKNOWN,0,
VA,N,N,N,2017,FEMALE,UNKNOWN,167,
VA,N,N,N,2017,UNKNOWN,UNKNOWN,150,
VA,,,,2019,UNKNOWN,UNKNOWN,170,
VA,,,Y,2018,UNKNOWN,UNKNOWN,272,
VA,N,N,N,2017,UNKNOWN,UNKNOWN,0,
VA,N,N,N,2017,UNKNOWN,UNKNOWN,0,
VA,N,N,N,2017,UNKNOWN,UNKNOWN,0,
VA,,,,2019,UNKNOWN,UNKNOWN,0,
VA,,,,2019,UNKNOWN,UNKNOWN,220,
VA,,,,2019,UNKNOWN,UNKNOWN,0,
VA,N,N,N,2017,UNKNOWN,UNKNOWN,0,
VA,,,,2018,UNKNOWN,UNKNOWN,271,
VA,,,,2018,UNKNOWN,UNKNOWN,0,
VA,N,N,N,2017,UNKNOWN,UNKNOWN,0,
VA,,,,2017,UNKNOWN,UNKNOWN,0,
VA,N,N,N,2017,MALE,ADULT,237,
VA,,,,2019,MALE,UNKNOWN,302,
VA,N,N,Y,2017,UNKNOWN,UNKNOWN,0,
VA,,,Y,2019,MALE,UNKNOWN,235,
VA,,,,2019,MALE,UNKNOWN,219,
VA,N,N,N,2017,MALE,UNKNOWN,213,
VA,,,Y,2018,MALE,ADULT,214,
VA,,,,2019,FEMALE,SUBADULT,220,
VA,N,N,N,2017,FEMALE,UNKNOWN,254,
VA,,,Y,2019,FEMALE,UNKNOWN,194,
VA,,,Y,2019,FEMALE,UNKNOWN,175,
VA,,,,2018,FEMALE,SUBADULT,188.2,
VA,N,N,N,2017,UNKNOWN,UNKNOWN,173.2,
VA,N,N,N,2017,UNKNOWN,UNKNOWN,0,
VA,,,,2018,FEMALE,UNKNOWN,207,
VA,N,N,Y,2017,UNKNOWN,UNKNOWN,0,
VA,,,,2018,MALE,UNKNOWN,0,
VA,,,,2018,UNKNOWN,UNKNOWN,0,
VA,,,,2018,UNKNOWN,UNKNOWN,0,
VA,,,,2018,MALE,ADULT,326,383
VA,N,N,Y,2017,UNKNOWN,UNKNOWN,0,
VA,,,,2018,UNKNOWN,UNKNOWN,0,
VA,,,,2019,UNKNOWN,UNKNOWN,0,
VA,,,,2019,MALE,PUP/CALF,106,
VA,,,,2018,MALE,PUP/CALF,119.5,
VA,,,,2019,MALE,UNKNOWN,193,
VA,,,Y,2019,FEMALE,ADULT,252,
VA,,,,2019,FEMALE,ADULT,247,
VA,,,Y,2019,FEMALE,UNKNOWN,194,
VA,,,,2018,UNKNOWN,UNKNOWN,0,
VA,,,,2018,MALE,ADULT,266,
VA,,,,2018,MALE,ADULT,272,
VA,N,N,Y,2018,MALE,SUBADULT,192,94.8
VA,,,,2019,MALE,PUP/CALF,113,
VA,,,,2018,MALE,PUP/CALF,124.5,
VA,,,,2018,MALE,PUP/CALF,91,
VA,,,Y,2019,MALE,UNKNOWN,151,
VA,,,,2019,MALE,UNKNOWN,222,
VA,,,,2018,MALE,UNKNOWN,0,
VA,,,,2017,MALE,SUBADULT,157,
VA,,,,2018,MALE,PUP/CALF,104,
VA,,,,2018,MALE,UNKNOWN,180,
VA,,,,2018,MALE,UNKNOWN,0,
VA,,,,2019,FEMALE,ADULT,247,
VA,,,,2018,FEMALE,ADULT,260.5,
VA,,,,2018,FEMALE,ADULT,258,
VA,,,,2019,FEMALE,ADULT,226,
VA,,,,2018,FEMALE,SUBADULT,211,
VA,,,Y,2018,FEMALE,SUBADULT,218,
VA,,,Y,2019,FEMALE,PUP/CALF,132,
VA,,,,2019,FEMALE,PUP/CALF,86,
VA,N,N,Y,2017,FEMALE,UNKNOWN,205.3,
VA,N,N,Y,2017,FEMALE,UNKNOWN,220,
VA,,,,2019,FEMALE,UNKNOWN,217.3,
VA,,,,2018,FEMALE,UNKNOWN,165,
VA,,,,2018,FEMALE,SUBADULT,205,
VA,N,N,Y,2017,FEMALE,UNKNOWN,175,
VA,,,,2018,FEMALE,UNKNOWN,0,
VA,,,,2019,UNKNOWN,UNKNOWN,0,
VA,,,,2019,UNKNOWN,UNKNOWN,244.2,
VA,,,,2019,UNKNOWN,UNKNOWN,265,
VA,,,,2019,UNKNOWN,UNKNOWN,290,
VA,,,,2017,UNKNOWN,UNKNOWN,214,
VA,N,N,N,2017,UNKNOWN,UNKNOWN,0,
VA,N,N,N,2017,UNKNOWN,UNKNOWN,0,
VA,,,,2017,UNKNOWN,UNKNOWN,0,
VA,,,,2019,UNKNOWN,UNKNOWN,0,
VA,,,,2019,UNKNOWN,UNKNOWN,0,
VA,,,,2018,UNKNOWN,PUP/CALF,108.4,
VA,,,,2018,UNKNOWN,UNKNOWN,0,
VA,,,,2019,MALE,UNKNOWN,83,
VA,,,,2018,MALE,UNKNOWN,275,
VA,,,,2018,MALE,UNKNOWN,171,
VA,,,,2019,MALE,UNKNOWN,296,
VA,,,,2019,MALE,UNKNOWN,222,
VA,,,,2018,MALE,UNKNOWN,142,
VA,,,,2019,MALE,UNKNOWN,232,
VA,,,,2018,MALE,UNKNOWN,0,
VA,N,N,N,2017,FEMALE,UNKNOWN,192,
VA,N,N,N,2017,FEMALE,UNKNOWN,262,
VA,N,N,N,2017,FEMALE,UNKNOWN,210,
VA,,,,2017,UNKNOWN,UNKNOWN,221,
VA,N,N,N,2017,UNKNOWN,UNKNOWN,222.2,
VA,,,,2019,UNKNOWN,UNKNOWN,200,
VA,,,,2018,UNKNOWN,UNKNOWN,0,
VA,,,,2019,UNKNOWN,UNKNOWN,0,
VA,,,,2018,UNKNOWN,UNKNOWN,260,
VA,,,,2018,UNKNOWN,UNKNOWN,270,
VA,,,,2017,UNKNOWN,UNKNOWN,0,
VA,,,,2019,UNKNOWN,UNKNOWN,0,
VA,,,,2019,UNKNOWN,UNKNOWN,0,
VA,,,,2018,UNKNOWN,UNKNOWN,0,
VA,,,,2019,MALE,ADULT,276.8,171
VA,N,N,N,2017,UNKNOWN,UNKNOWN,0,
VA,,,,2018,UNKNOWN,UNKNOWN,0,
FL,C,C,C,2018,FEMALE,,263,150
FL,C,C,C,2018,FEMALE,,263,150
FL,N,N,N,2018,FEMALE,ADULT,245,148
FL,N,N,N,2018,FEMALE,ADULT,245,148
LA,,,,2019,MALE,ADULT,268.5,322.6
FL,C,N,C,2019,MALE,ADULT,297,290.3
FL,N,N,C,2019,FEMALE,ADULT,276,235.87
MS,C,C,C,2019,UNKNOWN,ADULT,0,
MS,C,C,C,2019,MALE,,181.5,79
MS,C,C,C,2019,MALE,ADULT,266.8,178
FL,,,,2019,UNKNOWN,UNKNOWN,0,
FL,C,C,C,2018,UNKNOWN,,179,
FL,C,C,C,2018,UNKNOWN,,179,
MS,C,C,C,2019,FEMALE,ADULT,257,160
MS,C,C,C,2019,UNKNOWN,,210,
FL,C,C,C,2019,FEMALE,PUP/CALF,83,0
MS,C,C,C,2019,MALE,ADULT,262,158
FL,C,C,C,2019,MALE,UNKNOWN,120,
FL,C,C,C,2019,MALE,UNKNOWN,120,
MS,C,C,C,2019,FEMALE,SUBADULT,175,
FL,C,C,C,2018,UNKNOWN,,259,
FL,C,C,C,2018,UNKNOWN,,259,
FL,N,N,C,2018,FEMALE,YEARLING,85.2,
FL,N,N,C,2018,FEMALE,YEARLING,85.2,
FL,,,,2019,MALE,ADULT,252,0
FL,C,C,C,2019,FEMALE,,201,
FL,C,C,C,2019,FEMALE,,201,
MS,C,C,C,2019,MALE,ADULT,200,90
MS,C,C,C,2019,UNKNOWN,SUBADULT,200,80
MS,C,C,C,2019,FEMALE,ADULT,225,110
LA,,,,2019,MALE,ADULT,223,
FL,C,C,C,2018,UNKNOWN,,258,
FL,C,C,C,2018,UNKNOWN,,258,
MS,C,C,C,2019,FEMALE,ADULT,208,120
MS,C,C,C,2019,FEMALE,ADULT,235.6,160
FL,C,C,C,2019,MALE,UNKNOWN,242.5,0
FL,C,C,C,2019,FEMALE,UNKNOWN,223,0
LA,,,,2019,FEMALE,SUBADULT,220,
FL,C,C,C,2018,MALE,,261,144
FL,C,C,C,2018,MALE,,261,144
FL,C,C,C,2019,UNKNOWN,,215,
FL,C,C,C,2019,UNKNOWN,,215,
FL,C,C,C,2019,UNKNOWN,,140,
FL,C,C,C,2019,MALE,PUP/CALF,110,16
FL,C,C,C,2019,MALE,PUP/CALF,110,16
FL,C,C,C,2018,FEMALE,,225,145
FL,C,C,C,2018,FEMALE,,225,145
FL,C,C,C,2018,MALE,,225,
FL,C,C,C,2018,MALE,,225,
LA,,,,2019,UNKNOWN,ADULT,187.9,
FL,C,C,C,2018,MALE,,243,
FL,C,C,C,2018,MALE,,243,
LA,C,C,C,2019,MALE,ADULT,182,
LA,,,,2019,FEMALE,,190,
MS,C,C,C,2019,MALE,PUP/CALF,105.6,11.4
FL,N,N,Y,2019,MALE,UNKNOWN,192,0
AL,C,C,C,2019,UNKNOWN,UNKNOWN,0,
FL,C,C,C,2018,MALE,UNKNOWN,238,
FL,C,C,C,2018,MALE,UNKNOWN,238,
LA,,,,2019,MALE,ADULT,238,
MS,C,C,C,2019,UNKNOWN,ADULT,266.5,185
LA,C,C,C,2019,UNKNOWN,UNKNOWN,,
MS,C,C,C,2019,MALE,ADULT,265,192
FL,N,N,N,2018,FEMALE,PUP/CALF,177.6,
FL,N,N,N,2018,FEMALE,PUP/CALF,177.6,
MS,C,C,C,2019,FEMALE,ADULT,210,171.6
FL,C,C,C,2018,FEMALE,UNKNOWN,240,
FL,C,C,C,2018,FEMALE,UNKNOWN,240,
MS,C,C,C,2019,MALE,ADULT,0,
LA,C,C,C,2019,UNKNOWN,YEARLING,152,
FL,C,C,C,2019,UNKNOWN,UNKNOWN,150,
FL,C,C,C,2019,UNKNOWN,UNKNOWN,150,
LA,,,,2019,FEMALE,ADULT,243.8,
LA,C,C,C,2019,UNKNOWN,ADULT,213,
LA,,,,2019,UNKNOWN,UNKNOWN,,
MS,C,C,C,2019,MALE,PUP/CALF,93.5,9.6
FL,,,,2019,UNKNOWN,PUP/CALF,0,
LA,,,,2019,FEMALE,ADULT,256,
LA,C,C,C,2019,UNKNOWN,ADULT,213,
AL,N,N,Y,2019,FEMALE,YEARLING,157,59.8
MS,N,N,C,2019,FEMALE,PUP/CALF,103.5,9.4
AL,C,C,C,2019,MALE,SUBADULT,221,169
MS,C,C,C,2019,FEMALE,ADULT,236.5,170
FL,C,C,C,2018,FEMALE,,251,
FL,C,C,C,2018,FEMALE,,251,
MS,C,C,C,2019,UNKNOWN,UNKNOWN,200,
MS,C,C,C,2019,MALE,ADULT,237.5,200
MS,C,C,C,2019,MALE,SUBADULT,200,100
MS,C,C,C,2019,FEMALE,PUP/CALF,99,10.4
AL,C,N,C,2019,FEMALE,ADULT,265,137.9
MS,C,C,C,2019,UNKNOWN,ADULT,270,150
FL,C,C,C,2018,UNKNOWN,,240,
FL,C,C,C,2018,UNKNOWN,,240,
FL,N,N,Y,2018,FEMALE,ADULT,261.1,194.5
FL,N,N,Y,2018,FEMALE,ADULT,261.1,194.5
AL,C,C,C,2019,UNKNOWN,,0,
LA,,,,2019,UNKNOWN,ADULT,,
AL,C,N,Y,2019,MALE,SUBADULT,183,83.5
AL,C,C,C,2019,FEMALE,ADULT,228,
FL,C,N,C,2018,MALE,,210,
FL,C,N,C,2018,MALE,,210,
FL,C,C,C,2018,UNKNOWN,,118,
FL,C,C,C,2018,UNKNOWN,,118,
FL,C,C,Y,2019,MALE,PUP/CALF,185,
FL,C,C,Y,2019,MALE,PUP/CALF,185,
LA,,,,2019,FEMALE,SUBADULT,190.5,
MS,C,C,C,2019,FEMALE,SUBADULT,183,55
MS,N,N,Y,2019,MALE,ADULT,200,
AL,C,C,C,2019,FEMALE,PUP/CALF,114,
MS,C,C,C,2019,FEMALE,ADULT,240,190
FL,C,C,C,2018,FEMALE,,228,
FL,C,C,C,2018,FEMALE,,228,
MS,C,C,C,2019,UNKNOWN,ADULT,230,120
FL,N,N,C,2018,FEMALE,ADULT,232,
FL,N,N,C,2018,FEMALE,ADULT,232,
FL,C,C,C,2019,FEMALE,UNKNOWN,180,0
LA,,,,2019,MALE,ADULT,285,
MS,C,C,C,2019,MALE,SUBADULT,198,80
LA,C,C,C,2019,MALE,ADULT,261,
FL,C,C,C,2018,UNKNOWN,,225,
FL,C,C,C,2018,UNKNOWN,,225,
FL,N,N,N,2019,FEMALE,PUP/CALF,82.8,
FL,N,N,N,2019,FEMALE,PUP/CALF,82.8,
FL,C,C,C,2018,UNKNOWN,,150,
FL,C,C,C,2018,UNKNOWN,,150,
LA,,,,2019,MALE,ADULT,231.1,
LA,C,C,C,2019,FEMALE,ADULT,213,
AL,C,C,C,2019,FEMALE,SUBADULT,168,69.9
FL,N,N,C,2018,MALE,ADULT,209,93.5
FL,N,N,C,2018,MALE,ADULT,209,93.5
MS,C,N,C,2019,MALE,ADULT,237,168.8
MS,N,N,N,2019,MALE,ADULT,252,176.1
FL,C,N,C,2019,MALE,ADULT,262,
FL,C,N,C,2019,MALE,ADULT,262,
LA,,,,2019,UNKNOWN,UNKNOWN,197,
FL,C,C,C,2018,MALE,,214,
FL,C,C,C,2018,MALE,,214,
LA,C,C,C,2019,UNKNOWN,,240,
MS,C,C,C,2019,FEMALE,PUP/CALF,111.2,10.9
LA,C,C,C,2019,FEMALE,ADULT,251.2,
FL,C,C,C,2018,MALE,,202,
FL,C,C,C,2018,MALE,,202,
FL,C,C,C,2018,MALE,,224,
FL,C,C,C,2018,MALE,,224,
MS,C,C,C,2019,MALE,ADULT,287.5,250
MS,C,C,C,2019,MALE,ADULT,261,162.7
FL,C,C,C,2018,FEMALE,UNKNOWN,250,
FL,C,C,C,2018,FEMALE,UNKNOWN,250,
MS,C,Y,C,2019,MALE,ADULT,257,225
MS,C,C,C,2019,MALE,SUBADULT,173,48.8
FL,C,C,C,2018,MALE,,190,
FL,C,C,C,2018,MALE,,190,
LA,C,C,C,2019,UNKNOWN,UNKNOWN,,
FL,C,C,C,2018,MALE,,254,
FL,C,C,C,2018,MALE,,254,
FL,C,C,Y,2019,FEMALE,,209,
FL,C,C,Y,2019,FEMALE,,209,
FL,C,C,C,2019,FEMALE,UNKNOWN,149,0
FL,N,N,C,2018,FEMALE,ADULT,221.4,118
FL,N,N,C,2018,FEMALE,ADULT,221.4,118
MS,C,C,C,2019,MALE,PUP/CALF,91.5,5.9
MS,C,C,C,2019,FEMALE,PUP/CALF,91,10.4
FL,C,C,C,2018,UNKNOWN,,240,
FL,C,C,C,2018,UNKNOWN,,240,
FL,C,C,C,2019,MALE,ADULT,267,
FL,C,C,C,2019,MALE,ADULT,267,
MS,C,C,N,2019,UNKNOWN,ADULT,200,150
LA,C,C,C,2019,FEMALE,PUP/CALF,116.2,
AL,C,N,C,2019,MALE,SUBADULT,174,
MS,C,C,C,2019,UNKNOWN,ADULT,236.6,175
FL,,,,2019,MALE,PUP/CALF,104.5,0
MS,C,C,C,2019,FEMALE,ADULT,220.2,110
MS,C,C,C,2019,MALE,PUP/CALF,105.8,10.1
FL,C,C,C,2018,UNKNOWN,,170,
FL,C,C,C,2018,UNKNOWN,,170,
MS,C,C,C,2019,MALE,SUBADULT,198.5,80
FL,C,C,C,2019,MALE,ADULT,259,
FL,C,C,C,2019,MALE,ADULT,259,
FL,C,C,C,2018,UNKNOWN,,200,
FL,C,C,C,2018,UNKNOWN,,200,
FL,C,C,C,2018,MALE,,235,
FL,C,C,C,2018,MALE,,235,
LA,C,C,C,2019,UNKNOWN,UNKNOWN,0,
LA,,,,2019,UNKNOWN,UNKNOWN,,
FL,C,N,C,2019,MALE,UNKNOWN,194,
FL,C,N,C,2019,MALE,UNKNOWN,194,
FL,C,C,C,2019,MALE,,231,
FL,C,C,C,2019,MALE,,231,
MS,C,C,C,2019,MALE,ADULT,200,150
LA,C,C,C,2019,UNKNOWN,SUBADULT,183,
MS,C,C,C,2019,UNKNOWN,ADULT,245,220
AL,C,C,C,2019,FEMALE,SUBADULT,183,80.7
FL,C,C,C,2018,FEMALE,,210,
FL,C,C,C,2018,FEMALE,,210,
FL,N,N,C,2018,MALE,,240,
FL,N,N,C,2018,MALE,,240,
FL,C,C,C,2018,MALE,,212,
FL,C,C,C,2018,MALE,,212,
LA,,,,2019,UNKNOWN,SUBADULT,0,
FL,C,C,C,2018,FEMALE,,235,169
FL,C,C,C,2018,FEMALE,,235,169
FL,C,C,C,2018,MALE,,246,
FL,C,C,C,2018,MALE,,246,
MS,C,C,C,2019,UNKNOWN,ADULT,230,150
MS,C,C,C,2019,UNKNOWN,UNKNOWN,152,
LA,C,C,C,2019,UNKNOWN,ADULT,233.3,
FL,C,C,C,2018,FEMALE,UNKNOWN,243,
FL,C,C,C,2018,FEMALE,UNKNOWN,243,
AL,C,C,C,2019,UNKNOWN,ADULT,247,
FL,C,C,C,2019,UNKNOWN,,190,
LA,,,,2019,UNKNOWN,UNKNOWN,,
AL,C,C,C,2019,MALE,YEARLING,158,35.8
LA,,,,2019,UNKNOWN,UNKNOWN,,
MS,C,C,C,2019,MALE,ADULT,215.5,150
MS,C,C,C,2019,FEMALE,ADULT,243.5,150
MS,C,C,C,2019,MALE,ADULT,260,250
LA,C,C,C,2019,UNKNOWN,ADULT,229,
FL,N,N,C,2018,MALE,SUBADULT,168,47.5
FL,N,N,C,2018,MALE,SUBADULT,168,47.5
FL,C,C,C,2018,UNKNOWN,,244,
FL,C,C,C,2018,UNKNOWN,,244,
LA,,,,2019,UNKNOWN,ADULT,231.14,
LA,,,,2019,MALE,ADULT,284,
FL,C,C,C,2018,UNKNOWN,,130,
FL,C,C,C,2018,UNKNOWN,,130,
AL,,,,2019,UNKNOWN,PUP/CALF,85,
MS,C,C,C,2019,UNKNOWN,,0,
LA,C,C,C,2019,MALE,ADULT,213,
MS,C,C,C,2019,MALE,ADULT,270,200
FL,C,C,C,2019,UNKNOWN,UNKNOWN,243,
FL,C,C,C,2019,UNKNOWN,UNKNOWN,243,
AL,C,C,C,2019,MALE,SUBADULT,186,73.4
LA,Y,N,N,2019,MALE,ADULT,253,
LA,C,C,C,2019,MALE,ADULT,213,
FL,C,C,C,2018,UNKNOWN,,215,
FL,C,C,C,2018,UNKNOWN,,215,
FL,N,N,C,2018,MALE,ADULT,258.9,163
FL,N,N,C,2018,MALE,ADULT,258.9,163
FL,C,N,C,2018,MALE,,256,
FL,C,N,C,2018,MALE,,256,
MS,C,C,C,2019,UNKNOWN,ADULT,217.1,100
FL,N,N,C,2018,FEMALE,SUBADULT,210.2,92.5
FL,N,N,C,2018,FEMALE,SUBADULT,210.2,92.5
MS,N,N,N,2019,FEMALE,ADULT,238,238
MS,N,N,N,2019,FEMALE,ADULT,247.6,150
MS,N,N,N,2019,MALE,ADULT,255.5,227
FL,C,C,C,2018,MALE,,210,
FL,C,C,C,2018,MALE,,210,
MS,C,C,C,2019,MALE,ADULT,217.8,115
MS,N,N,N,2019,FEMALE,ADULT,266.6,164
FL,C,C,C,2018,MALE,ADULT,245,
FL,C,C,C,2018,MALE,ADULT,245,
FL,C,C,C,2018,MALE,,210,
FL,C,C,C,2018,MALE,,210,
FL,N,N,N,2019,MALE,ADULT,254,175.5
FL,N,N,N,2019,MALE,ADULT,254,175.5
FL,C,C,C,2019,MALE,,274,
FL,C,C,C,2019,MALE,,274,
MS,C,C,C,2019,UNKNOWN,ADULT,200.2,90
FL,C,C,C,2018,MALE,,207,
FL,C,C,C,2018,MALE,,207,
MS,C,C,C,2019,MALE,PUP/CALF,80,6.7
FL,C,C,C,2018,MALE,ADULT,269,
FL,C,C,C,2018,MALE,ADULT,269,
MS,C,C,C,2019,FEMALE,UNKNOWN,200,
FL,C,C,C,2018,FEMALE,UNKNOWN,247,
FL,C,C,C,2018,FEMALE,UNKNOWN,247,
LA,,,,2019,UNKNOWN,PUP/CALF,131.6,
MS,C,C,C,2019,FEMALE,ADULT,244,150
FL,C,C,C,2018,FEMALE,,201,
FL,C,C,C,2018,FEMALE,,201,
FL,,,,2018,UNKNOWN,UNKNOWN,,
MS,C,C,C,2019,FEMALE,ADULT,200,150
FL,,,,2019,MALE,PUP/CALF,88.6,0
FL,C,C,C,2018,MALE,,259,
FL,C,C,C,2018,MALE,,259,
FL,N,N,C,2018,FEMALE,SUBADULT,120,
FL,N,N,C,2018,FEMALE,SUBADULT,120,
FL,C,C,C,2019,FEMALE,PUP/CALF,105,0
MS,C,C,C,2019,UNKNOWN,PUP/CALF,110,13
FL,,,,2019,MALE,SUBADULT,171,0
FL,C,C,C,2019,MALE,SUBADULT,197,0
LA,C,C,C,2019,UNKNOWN,UNKNOWN,,
LA,C,C,C,2019,MALE,YEARLING,177.8,
FL,C,C,C,2018,MALE,,111,
FL,C,C,C,2018,MALE,,111,
LA,C,C,C,2019,UNKNOWN,SUBADULT,137,
MS,C,C,C,2019,UNKNOWN,ADULT,200,
LA,C,,,2019,UNKNOWN,UNKNOWN,,
AL,,,,2019,MALE,SUBADULT,186,173
MS,C,C,C,2019,MALE,ADULT,253,200
FL,C,C,C,2019,UNKNOWN,UNKNOWN,0,0
FL,C,C,C,2018,MALE,,217,
FL,C,C,C,2018,MALE,,217,
FL,C,C,C,2019,MALE,,248,186
FL,C,C,C,2019,MALE,,248,186
FL,N,N,C,2018,MALE,PUP/CALF,107.6,
FL,N,N,C,2018,MALE,PUP/CALF,107.6,
MS,C,C,C,2019,MALE,ADULT,216.2,
MS,N,N,C,2019,FEMALE,ADULT,217,145
FL,C,C,C,2018,UNKNOWN,,240,
FL,C,C,C,2018,UNKNOWN,,240,
MS,C,C,C,2019,FEMALE,ADULT,232.5,127.8
FL,C,N,C,2018,MALE,ADULT,246,
FL,C,N,C,2018,MALE,ADULT,246,
LA,,,,2019,UNKNOWN,PUP/CALF,90.17,
AL,C,N,Y,2019,MALE,PUP/CALF,117,26.8
MS,C,C,C,2019,MALE,SUBADULT,180.1,75
FL,C,C,C,2019,UNKNOWN,UNKNOWN,243,
FL,C,C,C,2019,UNKNOWN,UNKNOWN,243,
FL,C,C,C,2019,FEMALE,,99,9
FL,C,C,C,2019,FEMALE,,99,9
FL,C,C,C,2018,MALE,,215,
FL,C,C,C,2018,MALE,,215,
FL,C,C,C,2018,MALE,,235,166.5
FL,C,C,C,2018,MALE,,235,166.5
LA,C,C,C,2019,UNKNOWN,SUBADULT,175,
LA,C,C,C,2019,MALE,ADULT,198,
AL,C,N,C,2019,MALE,PUP/CALF,112,19.1
FL,C,C,C,2019,UNKNOWN,ADULT,258,202
FL,C,C,C,2019,UNKNOWN,ADULT,258,202
AL,C,C,C,2019,UNKNOWN,UNKNOWN,0,
LA,C,C,C,2019,UNKNOWN,UNKNOWN,,
MS,C,C,C,2019,UNKNOWN,,210,
MS,N,N,N,2019,MALE,PUP/CALF,97,8.7
MS,C,C,C,2019,FEMALE,ADULT,242,170
LA,,,,2019,UNKNOWN,UNKNOWN,,
LA,,,,2019,UNKNOWN,,0,
FL,C,C,C,2018,UNKNOWN,,168,
FL,C,C,C,2018,UNKNOWN,,168,
MS,N,C,Y,2019,MALE,ADULT,270.1,200
FL,C,N,C,2019,FEMALE,,242,194.5
FL,C,N,C,2019,FEMALE,,242,194.5
MS,C,C,C,2019,MALE,ADULT,228,
FL,C,C,C,2019,MALE,,188,
FL,C,C,C,2019,MALE,,188,
FL,C,C,C,2018,MALE,,210,
FL,C,C,C,2018,MALE,,210,
MS,C,C,C,2019,FEMALE,ADULT,262,160
LA,C,C,C,2019,FEMALE,ADULT,198,
FL,,,,2019,FEMALE,PUP/CALF,101,0
LA,,,,2019,FEMALE,,251.4,
AL,C,C,C,2019,MALE,SUBADULT,205,234
LA,C,C,C,2019,MALE,UNKNOWN,,
AL,C,C,C,2019,FEMALE,ADULT,232,
FL,N,N,C,2018,MALE,,203,97
FL,N,N,C,2018,MALE,,203,97
FL,,,,2019,MALE,ADULT,240,0
FL,C,C,C,2018,FEMALE,,248,
FL,C,C,C,2018,FEMALE,,248,
MS,C,C,C,2019,UNKNOWN,PUP/CALF,102.3,11.3
FL,C,C,C,2019,FEMALE,ADULT,225,0
FL,C,C,C,2018,UNKNOWN,,223,
FL,C,C,C,2018,UNKNOWN,,223,
FL,C,C,C,2018,MALE,,181,
FL,C,C,C,2018,MALE,,181,
FL,C,N,C,2019,FEMALE,,222,
FL,C,N,C,2019,FEMALE,,222,
MS,C,C,C,2019,MALE,SUBADULT,150,15
LA,C,C,C,2019,UNKNOWN,ADULT,213,
MS,N,N,C,2019,FEMALE,SUBADULT,173.5,50
LA,,,,2019,UNKNOWN,UNKNOWN,,
AL,C,C,C,2019,MALE,SUBADULT,184,
FL,C,C,C,2019,UNKNOWN,PUP/CALF,95,
FL,C,C,C,2019,UNKNOWN,PUP/CALF,95,
FL,N,N,N,2018,MALE,SUBADULT,169,54
FL,N,N,N,2018,MALE,SUBADULT,169,54
FL,N,N,C,2019,MALE,SUBADULT,152,
FL,N,N,C,2019,MALE,SUBADULT,152,
FL,C,C,C,2019,MALE,UNKNOWN,153.8,0
LA,C,C,C,2019,FEMALE,ADULT,213,
AL,C,C,C,2019,UNKNOWN,,0,
FL,C,C,C,2018,UNKNOWN,,200,
FL,C,C,C,2018,UNKNOWN,,200,
FL,C,N,C,2018,FEMALE,SUBADULT,189,
FL,C,N,C,2018,FEMALE,SUBADULT,189,
FL,C,C,C,2019,FEMALE,ADULT,242,0
AL,C,C,C,2019,UNKNOWN,UNKNOWN,155,
MS,C,C,C,2019,UNKNOWN,,0,
FL,N,N,C,2018,MALE,ADULT,248,
FL,N,N,C,2018,MALE,ADULT,248,
MS,C,C,C,2019,UNKNOWN,SUBADULT,150,
FL,C,N,C,2019,FEMALE,,273,325
FL,C,N,C,2019,FEMALE,,273,325
FL,C,C,C,2018,MALE,UNKNOWN,215,
FL,C,C,C,2018,MALE,UNKNOWN,215,
AL,C,C,C,2019,UNKNOWN,,0,
FL,C,C,C,2018,FEMALE,,237,
FL,C,C,C,2018,FEMALE,,237,
MS,C,C,C,2019,UNKNOWN,PUP/CALF,115,
FL,C,C,C,2019,MALE,,266,
FL,C,C,C,2019,MALE,,266,
FL,C,C,C,2018,MALE,,193,
FL,C,C,C,2018,MALE,,193,
AL,C,C,Y,2019,FEMALE,ADULT,248,163.7
LA,C,C,C,2019,UNKNOWN,PUP/CALF,60,
AL,C,N,C,2019,FEMALE,ADULT,255,
FL,C,C,C,2018,UNKNOWN,,200,
FL,C,C,C,2018,UNKNOWN,,200,
FL,C,C,C,2019,UNKNOWN,YEARLING,100,11
FL,C,C,C,2019,UNKNOWN,YEARLING,100,11
LA,C,C,C,2019,UNKNOWN,ADULT,206,
LA,,,,2019,UNKNOWN,UNKNOWN,,
LA,,,,2019,UNKNOWN,UNKNOWN,,
MS,N,N,N,2019,FEMALE,SUBADULT,186.6,65.8
FL,C,C,C,2018,UNKNOWN,,220,
FL,C,C,C,2018,UNKNOWN,,220,
FL,C,C,C,2018,UNKNOWN,,245,
FL,C,C,C,2018,UNKNOWN,,245,
FL,C,N,C,2019,MALE,,225,153.5
FL,C,N,C,2019,MALE,,225,153.5
LA,,,,2019,UNKNOWN,ADULT,228,
LA,,,,2019,FEMALE,PUP/CALF,,
AL,C,C,C,2019,MALE,SUBADULT,193,67.6
LA,C,C,C,2019,MALE,ADULT,272.1,
MS,C,C,C,2019,UNKNOWN,ADULT,225,
FL,N,N,C,2018,MALE,UNKNOWN,192,
FL,N,N,C,2018,MALE,UNKNOWN,192,
FL,,,,2019,MALE,ADULT,260,0
AL,C,C,C,2019,MALE,PUP/CALF,107,31
LA,,,,2019,MALE,PUP/CALF,82.7,4.99
MS,C,C,C,2019,MALE,ADULT,243.2,
MS,C,C,C,2019,UNKNOWN,UNKNOWN,200,150
MS,C,C,C,2019,MALE,ADULT,272.5,200
FL,C,N,C,2019,MALE,SUBADULT,179,
MS,C,C,C,2019,UNKNOWN,SUBADULT,171,100
FL,C,C,C,2019,MALE,UNKNOWN,242,0
FL,C,C,C,2018,FEMALE,,250,
FL,C,C,C,2018,FEMALE,,250,
AL,C,C,C,2019,FEMALE,SUBADULT,186,
AL,,,,2019,MALE,PUP/CALF,113,31
MS,C,C,C,2019,UNKNOWN,UNKNOWN,200,
FL,C,C,C,2018,MALE,,193,
FL,C,C,C,2018,MALE,,193,
FL,N,N,C,2018,MALE,SUBADULT,199.5,71.7
FL,N,N,C,2018,MALE,SUBADULT,199.5,71.7
LA,,,,2019,FEMALE,,233.7,
MS,C,C,C,2019,UNKNOWN,ADULT,268,200
LA,C,C,C,2019,UNKNOWN,UNKNOWN,,
FL,,,,2019,MALE,ADULT,270,0
MS,C,C,C,2019,UNKNOWN,PUP/CALF,89.5,4.3
FL,C,C,C,2018,UNKNOWN,,183,
FL,C,C,C,2018,UNKNOWN,,183,
MS,C,C,C,2019,FEMALE,ADULT,248.6,160
FL,C,N,C,2018,FEMALE,,229,
FL,C,N,C,2018,FEMALE,,229,
MS,C,C,C,2019,MALE,SUBADULT,189,79.8
MS,C,C,C,2019,UNKNOWN,ADULT,244,150
LA,C,C,C,2019,FEMALE,ADULT,254,
FL,,,,2019,MALE,ADULT,243.5,0
LA,,,,2019,MALE,ADULT,280,
AL,C,C,C,2019,MALE,ADULT,235,146.5
MS,C,C,C,2019,MALE,ADULT,251,180
FL,C,C,C,2019,FEMALE,ADULT,251.1,0
AL,N,N,Y,2019,FEMALE,ADULT,236,172.4
LA,,,,2019,MALE,ADULT,232,
FL,C,C,C,2018,MALE,,248,
FL,C,C,C,2018,MALE,,248,
FL,C,C,C,2019,UNKNOWN,,215,
FL,C,C,C,2019,UNKNOWN,,215,
MS,C,C,C,2019,MALE,ADULT,248,220
LA,,,,2019,MALE,ADULT,272,
MS,C,C,C,2019,FEMALE,PUP/CALF,101.8,9
FL,,,,2018,MALE,SUBADULT,213,93
FL,,,,2018,MALE,SUBADULT,213,93
FL,C,C,C,2018,MALE,,183,
FL,C,C,C,2018,MALE,,183,
FL,C,C,C,2018,FEMALE,,256,154
FL,C,C,C,2018,FEMALE,,256,154
FL,C,C,C,2018,MALE,,251,
FL,C,C,C,2018,MALE,,251,
MS,C,C,C,2019,MALE,ADULT,243,150
FL,C,C,Y,2019,UNKNOWN,,245,
FL,C,C,Y,2019,UNKNOWN,,245,
FL,C,N,C,2019,MALE,ADULT,266,274
FL,C,N,C,2019,MALE,ADULT,266,274
FL,Y,C,C,2018,FEMALE,,244,
FL,Y,C,C,2018,FEMALE,,244,
MS,C,C,C,2019,UNKNOWN,PUP/CALF,90,6
FL,C,C,C,2018,MALE,SUBADULT,214,
FL,C,C,C,2018,MALE,SUBADULT,214,
LA,,,,2019,UNKNOWN,SUBADULT,,
MS,C,C,C,2019,UNKNOWN,,200,150
FL,N,N,N,2018,FEMALE,PUP/CALF,184.4,74.5
FL,N,N,N,2018,FEMALE,PUP/CALF,184.4,74.5
FL,,,,2019,MALE,SUBADULT,211,0
FL,C,C,C,2018,FEMALE,,197,
FL,C,C,C,2018,FEMALE,,197,
FL,C,C,C,2018,MALE,,224,
FL,C,C,C,2018,MALE,,224,
AL,C,C,C,2019,UNKNOWN,UNKNOWN,0,
MS,C,C,C,2019,MALE,,183,40
AL,C,C,C,2019,UNKNOWN,,0,
FL,C,C,C,2018,FEMALE,PUP/CALF,211.8,
FL,C,C,C,2018,FEMALE,PUP/CALF,211.8,
FL,C,C,C,2018,MALE,,208,
FL,C,C,C,2018,MALE,,208,
LA,C,C,C,2019,MALE,ADULT,366,
FL,Y,C,C,2019,MALE,,140,
FL,Y,C,C,2019,MALE,,140,
FL,C,C,C,2019,FEMALE,,250,
FL,C,C,C,2019,FEMALE,,250,
MS,C,C,C,2019,UNKNOWN,ADULT,230,
LA,C,C,C,2019,UNKNOWN,UNKNOWN,,
MS,C,C,C,2019,MALE,ADULT,261.9,160
FL,C,C,C,2019,FEMALE,,225,
LA,,,,2019,UNKNOWN,UNKNOWN,0,
LA,C,C,C,2019,MALE,PUP/CALF,123,
AL,C,C,C,2019,UNKNOWN,SUBADULT,194,
LA,C,C,C,2019,FEMALE,SUBADULT,183,
LA,C,C,C,2019,MALE,SUBADULT,168,
FL,N,N,C,2018,MALE,ADULT,225.1,
FL,N,N,C,2018,MALE,ADULT,225.1,
FL,C,C,C,2018,FEMALE,,202,
FL,C,C,C,2018,FEMALE,,202,
MS,C,C,C,2019,FEMALE,ADULT,231.9,180
FL,C,C,C,2018,MALE,,209,
FL,C,C,C,2018,MALE,,209,
LA,,,,2019,MALE,PUP/CALF,,
FL,,,,2019,UNKNOWN,ADULT,144,0
FL,,,,2019,UNKNOWN,PUP/CALF,73,0
LA,C,C,C,2019,MALE,ADULT,240,
LA,C,C,C,2019,UNKNOWN,ADULT,,
FL,C,C,C,2019,FEMALE,,92,
FL,C,C,C,2019,FEMALE,,92,
MS,C,C,C,2019,UNKNOWN,SUBADULT,200,136
LA,,,,2019,MALE,ADULT,288,
LA,,,,2019,MALE,ADULT,280,
LA,C,C,C,2019,UNKNOWN,UNKNOWN,,
AL,C,C,C,2019,FEMALE,YEARLING,156,
FL,C,C,C,2019,FEMALE,UNKNOWN,163.4,0
FL,C,C,C,2019,UNKNOWN,UNKNOWN,245,
FL,C,C,C,2019,UNKNOWN,UNKNOWN,245,
LA,C,C,C,2019,UNKNOWN,ADULT,244,
FL,C,C,C,2018,FEMALE,,216,
FL,C,C,C,2018,FEMALE,,216,
FL,C,C,C,2018,MALE,,190,
FL,C,C,C,2018,MALE,,190,
LA,C,C,C,2019,UNKNOWN,SUBADULT,183,
FL,N,N,C,2018,MALE,ADULT,266,199
FL,N,N,C,2018,MALE,ADULT,266,199
FL,C,N,Y,2018,MALE,,190,
FL,C,N,Y,2018,MALE,,190,
MS,C,C,C,2019,UNKNOWN,PUP/CALF,84,6
MS,C,C,C,2019,FEMALE,PUP/CALF,107.1,15.6
AL,C,C,C,2019,FEMALE,SUBADULT,180,61.8
LA,C,C,C,2019,UNKNOWN,,0,
FL,C,C,C,2019,UNKNOWN,UNKNOWN,230,
FL,C,C,C,2019,UNKNOWN,UNKNOWN,230,
LA,C,C,C,2019,UNKNOWN,UNKNOWN,,
LA,N,N,N,2019,FEMALE,PUP/CALF,107.7,15.22
FL,C,N,C,2018,MALE,,226,163.5
FL,C,N,C,2018,MALE,,226,163.5
FL,C,C,C,2018,MALE,UNKNOWN,232,
FL,C,C,C,2018,MALE,UNKNOWN,232,
FL,N,N,C,2018,MALE,ADULT,233,138
FL,N,N,C,2018,MALE,ADULT,233,138
MS,C,C,C,2019,FEMALE,ADULT,253.5,155
MS,C,C,C,2019,FEMALE,SUBADULT,158,75
MS,C,C,C,2019,UNKNOWN,,220,
FL,C,C,C,2018,MALE,UNKNOWN,269,
FL,C,C,C,2018,MALE,UNKNOWN,269,
LA,C,C,C,2019,UNKNOWN,ADULT,213,
LA,,,,2019,UNKNOWN,ADULT,229,
LA,,,,2019,MALE,ADULT,,
FL,,,Y,2018,UNKNOWN,,110,
FL,,,Y,2018,UNKNOWN,,110,
FL,N,N,C,2018,MALE,UNKNOWN,220,
FL,N,N,C,2018,MALE,UNKNOWN,220,
FL,N,N,C,2018,FEMALE,ADULT,250,168
FL,N,N,C,2018,FEMALE,ADULT,250,168
MS,C,C,C,2019,UNKNOWN,PUP/CALF,110,8.6
LA,C,Y,C,2019,MALE,ADULT,262,
FL,C,C,C,2018,MALE,,241,
FL,C,C,C,2018,MALE,,241,
FL,N,N,N,2018,FEMALE,PUP/CALF,98,9.5
FL,N,N,N,2018,FEMALE,PUP/CALF,98,9.5
FL,,,C,2019,MALE,ADULT,196,0
FL,C,C,C,2018,MALE,,114,
FL,C,C,C,2018,MALE,,114,
FL,C,C,C,2019,FEMALE,,82,
FL,C,C,C,2019,FEMALE,,82,
FL,C,C,C,2019,FEMALE,,225,
LA,,,,2019,UNKNOWN,UNKNOWN,,
MS,C,C,C,2019,UNKNOWN,UNKNOWN,0,
FL,C,C,C,2019,MALE,ADULT,245,0
LA,C,C,C,2019,FEMALE,ADULT,239.6,
MS,C,C,C,2019,FEMALE,PUP/CALF,88.5,6.5
AL,C,C,C,2019,MALE,SUBADULT,190,183
FL,N,N,C,2018,FEMALE,ADULT,237,137
FL,N,N,C,2018,FEMALE,ADULT,237,137
MS,C,C,C,2019,FEMALE,ADULT,265,250
LA,C,C,C,2019,MALE,YEARLING,152.4,
AL,C,C,C,2019,MALE,ADULT,252,
MS,C,C,C,2019,MALE,ADULT,252,220
FL,C,C,C,2018,UNKNOWN,,214,
FL,C,C,C,2018,UNKNOWN,,214,
MS,C,C,C,2019,MALE,PUP/CALF,91.7,8.1
FL,N,N,C,2019,FEMALE,SUBADULT,184,88.5
FL,N,N,C,2019,FEMALE,SUBADULT,184,88.5
LA,C,C,C,2019,UNKNOWN,UNKNOWN,,
FL,C,N,C,2019,FEMALE,UNKNOWN,217,
FL,C,N,C,2019,FEMALE,UNKNOWN,217,
FL,C,N,C,2018,MALE,,213,
FL,C,N,C,2018,MALE,,213,
FL,C,C,C,2018,UNKNOWN,,245,
FL,C,C,C,2018,UNKNOWN,,245,
FL,C,C,C,2018,UNKNOWN,,245,
FL,C,C,C,2018,UNKNOWN,,245,
FL,N,N,C,2018,MALE,SUBADULT,242,127.5
FL,N,N,C,2018,MALE,SUBADULT,242,127.5
FL,N,N,C,2019,FEMALE,ADULT,235.3,0
FL,C,C,Y,2019,UNKNOWN,,0,
FL,C,C,C,2018,UNKNOWN,,200,
FL,C,C,C,2018,UNKNOWN,,200,
FL,C,N,C,2019,MALE,,205,
FL,C,N,C,2019,MALE,,205,
MS,C,C,C,2019,MALE,YEARLING,150,55
FL,C,C,Y,2018,MALE,,163,
FL,C,C,C,2018,MALE,UNKNOWN,186,
FL,C,C,C,2018,MALE,UNKNOWN,186,
AL,C,C,C,2019,FEMALE,ADULT,236,294
LA,C,C,C,2019,UNKNOWN,UNKNOWN,157,
LA,C,C,C,2019,UNKNOWN,SUBADULT,,
LA,C,C,C,2019,UNKNOWN,SUBADULT,183,
MS,N,N,N,2019,FEMALE,PUP/CALF,102.5,12.8
MS,C,C,C,2019,UNKNOWN,UNKNOWN,200,151
FL,N,N,N,2018,MALE,UNKNOWN,201,
FL,N,N,N,2018,MALE,UNKNOWN,201,
MS,C,C,C,2019,MALE,PUP/CALF,91.7,10
MS,C,C,C,2019,MALE,ADULT,271,260
AL,C,C,C,2019,MALE,PUP/CALF,117,19.1
MS,N,N,N,2019,MALE,SUBADULT,190,79.8
FL,C,C,C,2019,FEMALE,ADULT,236.1,0
MS,C,C,C,2019,MALE,SUBADULT,195.8,82
FL,N,N,C,2019,FEMALE,,186,
FL,N,N,C,2019,FEMALE,,186,
FL,N,N,N,2018,MALE,ADULT,256,223.5
FL,N,N,N,2018,MALE,ADULT,256,223.5
LA,C,C,C,2019,UNKNOWN,ADULT,213,
FL,C,N,C,2019,MALE,,219,
FL,C,N,C,2019,MALE,,219,
LA,C,C,C,2019,MALE,,190,
MS,C,C,C,2019,FEMALE,ADULT,226.6,154
FL,,,Y,2019,FEMALE,ADULT,243,0
AL,N,N,N,2019,MALE,ADULT,248,106.6
FL,C,C,C,2018,UNKNOWN,,173,
FL,C,C,C,2018,UNKNOWN,,173,
MS,C,C,C,2019,UNKNOWN,ADULT,200,
MS,C,C,N,2019,UNKNOWN,ADULT,200,
FL,C,C,C,2019,UNKNOWN,UNKNOWN,232.6,0
FL,C,C,C,2019,FEMALE,ADULT,239.5,0
FL,C,C,C,2019,FEMALE,,99,
FL,C,C,C,2019,FEMALE,,99,
FL,C,C,C,2018,UNKNOWN,,160,
FL,C,C,C,2018,UNKNOWN,,160,
MS,C,C,C,2019,MALE,ADULT,263,159
MS,C,C,C,2019,MALE,ADULT,263,230.7
FL,C,C,C,2018,UNKNOWN,,238,
FL,C,C,C,2018,UNKNOWN,,238,
FL,C,C,C,2018,FEMALE,PUP/CALF,93,
FL,C,C,C,2018,FEMALE,PUP/CALF,93,
FL,N,N,C,2018,MALE,SUBADULT,207.1,71
FL,N,N,C,2018,MALE,SUBADULT,207.1,71
MS,C,C,C,2019,MALE,PUP/CALF,94.5,6
MS,C,C,C,2019,UNKNOWN,ADULT,200,150
LA,C,C,C,2019,UNKNOWN,ADULT,213,
LA,C,C,C,2019,UNKNOWN,SUBADULT,168,
MS,C,C,C,2019,UNKNOWN,UNKNOWN,200,
MS,C,C,C,2019,UNKNOWN,UNKNOWN,200,
LA,C,C,C,2019,UNKNOWN,SUBADULT,152,
AL,C,N,C,2019,FEMALE,SUBADULT,171,148
FL,C,C,C,2019,MALE,,207,
FL,C,C,C,2019,MALE,,207,
AL,C,C,C,2019,UNKNOWN,,0,
FL,,,,2019,UNKNOWN,ADULT,138,0
LA,C,C,C,2019,MALE,ADULT,269.2,
FL,C,C,C,2018,MALE,,245,
FL,C,C,C,2018,MALE,,245,
AL,C,C,Y,2019,MALE,ADULT,252,186.4
LA,,,,2019,MALE,ADULT,270,
LA,,,,2019,UNKNOWN,UNKNOWN,,
LA,,,,2019,UNKNOWN,ADULT,224,
MS,C,C,C,2019,MALE,PUP/CALF,100.5,6.5
MS,C,C,C,2019,UNKNOWN,ADULT,200,50
AL,C,C,C,2019,MALE,ADULT,238,141.5
FL,N,N,C,2018,MALE,UNKNOWN,254,
FL,N,N,C,2018,MALE,UNKNOWN,254,
LA,C,C,C,2019,MALE,ADULT,259,
MS,C,C,C,2019,MALE,PUP/CALF,90,6.5
AL,C,N,Y,2019,FEMALE,SUBADULT,182,44.4
FL,C,N,C,2019,MALE,ADULT,277,
FL,C,N,C,2019,MALE,ADULT,277,
LA,,,,2019,UNKNOWN,ADULT,213,
FL,C,C,C,2018,UNKNOWN,,200,
FL,C,C,C,2018,UNKNOWN,,200,
FL,C,C,C,2019,UNKNOWN,,245,
FL,C,C,C,2019,UNKNOWN,,245,
LA,C,C,C,2019,UNKNOWN,,244,
LA,,,,2019,MALE,ADULT,223.5,
LA,C,C,C,2019,UNKNOWN,ADULT,213,
MS,C,C,C,2019,FEMALE,SUBADULT,198.2,80
FL,C,N,C,2019,FEMALE,,240,
FL,C,N,C,2019,FEMALE,,240,
LA,,,,2019,FEMALE,ADULT,241,
MS,N,N,C,2019,MALE,ADULT,201.4,85
FL,C,N,Y,2018,FEMALE,ADULT,235,
FL,C,N,Y,2018,FEMALE,ADULT,235,
FL,N,N,N,2018,FEMALE,YEARLING,108.3,14
FL,N,N,N,2018,FEMALE,YEARLING,108.3,14
